"date","state","dataQualityGrade","death","deathConfirmed","deathIncrease","deathProbable","hospitalized","hospitalizedCumulative","hospitalizedCurrently","hospitalizedIncrease","inIcuCumulative","inIcuCurrently","negative","negativeIncrease","negativeTestsAntibody","negativeTestsPeopleAntibody","negativeTestsViral","onVentilatorCumulative","onVentilatorCurrently","positive","positiveCasesViral","positiveIncrease","positiveScore","positiveTestsAntibody","positiveTestsAntigen","positiveTestsPeopleAntibody","positiveTestsPeopleAntigen","positiveTestsViral","recovered","totalTestEncountersViral","totalTestEncountersViralIncrease","totalTestResults","totalTestResultsIncrease","totalTestsAntibody","totalTestsAntigen","totalTestsPeopleAntibody","totalTestsPeopleAntigen","totalTestsPeopleViral","totalTestsPeopleViralIncrease","totalTestsViral","totalTestsViralIncrease"
"2020-12-04","VA","A+",4160,3805,13,355,15116,15116,1854,102,,413,3169036,23803,,,,,187,247380,217588,2877,0,,,,,258264,24998,3386624,25623,3386624,25623,,,,,,0,,0
"2020-12-03","VA","A+",4147,3798,34,349,15014,15014,1853,131,,411,3145233,8723,,,,,186,244503,215768,2023,0,,,,,255535,24782,3361001,10105,3361001,10105,,,,,,0,,0
"2020-12-02","VA","A+",4113,3768,20,345,14883,14883,1860,158,,427,3136510,8000,,,,,188,242480,214386,2417,0,,,,,253961,24620,3350896,9470,3350896,9470,,,,,,0,,0
"2020-12-01","VA","A+",4093,3750,31,343,14725,14725,1757,106,,398,3128510,13437,,,,,173,240063,212916,2228,0,,,,,252516,24393,3341426,15099,3341426,15099,,,,,,0,,0
"2020-11-30","VA","A+",4062,3723,4,339,14619,14619,1658,47,,376,3115073,15513,,,,,162,237835,211254,1893,0,,,,,250857,24199,3326327,16984,3326327,16984,,,,,,0,,0
"2020-11-29","VA","A+",4058,3719,4,339,14572,14572,1628,56,,365,3099560,12521,,,,,155,235942,209783,2325,0,,,,,249282,24062,3309343,14135,3309343,14135,,,,,,0,,0
"2020-11-28","VA","A+",4054,3715,10,339,14516,14516,1585,65,,370,3087039,22961,,,,,149,233617,208169,3173,0,,,,,247942,23957,3295208,25498,3295208,25498,,,,,,0,,0
"2020-11-27","VA","A+",4044,3704,15,340,14451,14451,1593,34,,373,3064078,31591,,,,,160,230444,205632,1544,0,,,,,245600,23858,3269710,32817,3269710,32817,,,,,,0,,0
"2020-11-26","VA","A+",4029,3698,21,331,14417,14417,1601,105,,370,3032487,21047,,,,,152,228900,204406,2600,0,,,,,243145,23749,3236893,23027,3236893,23027,,,,,,0,,0
"2020-11-25","VA","A+",4008,3679,29,329,14312,14312,1549,100,,361,3011440,24457,,,,,153,226300,202426,2718,0,,,,,239167,23625,3213866,26599,3213866,26599,,,,,,0,,0
"2020-11-24","VA","A+",3979,3660,37,319,14212,14212,1496,116,,354,2986983,24066,,,,,146,223582,200284,2544,0,,,,,239167,23498,3187267,26208,3187267,26208,,,,,,0,,0
"2020-11-23","VA","A+",3942,3629,4,313,14096,14096,1512,50,,351,2962917,39522,,,,,152,221038,198142,3242,0,,,,,237216,23253,3161059,42165,3161059,42165,,,,,,0,,0
"2020-11-22","VA","A+",3938,3628,0,310,14046,14046,1469,29,,320,2923395,46014,,,,,145,217796,195499,2117,0,,,,,234326,23133,3118894,47759,3118894,47759,,,,,,0,,0
"2020-11-21","VA","A+",3938,3628,26,310,14017,14017,1507,103,,331,2877381,33720,,,,,135,215679,193754,2348,0,,,,,230823,23053,3071135,35503,3071135,35503,,,,,,0,,0
"2020-11-20","VA","A+",3912,3605,16,307,13914,13914,1510,99,,318,2843661,26356,,,,,133,213331,191971,2544,0,,,,,228050,22946,3035632,28171,3035632,28171,,,,,,0,,0
"2020-11-19","VA","A+",3896,3594,36,302,13815,13815,1569,108,,303,2817305,22728,,,,,123,210787,190156,1954,0,,,,,226178,22858,3007461,24031,3007461,24031,,,,,,0,,0
"2020-11-18","VA","A+",3860,3569,25,291,13707,13707,1469,99,,318,2794577,18707,,,,,126,208833,188853,2071,0,,,,,224321,22594,2983430,20273,2983430,20273,,,,,,0,,0
"2020-11-17","VA","A+",3835,3557,29,278,13608,13608,1392,56,,272,2775870,23262,,,,,103,206762,187287,2125,0,,,,,223485,22466,2963157,25024,2963157,25024,,,,,,0,,0
"2020-11-16","VA","A+",3806,3533,6,273,13552,13552,1337,48,,263,2752608,15325,,,,,118,204637,185525,2677,0,,,,,221669,22362,2938133,17396,2938133,17396,,,,,,0,,0
"2020-11-15","VA","A+",3800,3527,1,273,13504,13504,1284,24,,252,2737283,32765,,,,,120,201960,183454,1161,0,,,,,220239,22252,2920737,33735,2920737,33735,,,,,,0,,0
"2020-11-14","VA","A+",3799,3526,14,273,13480,13480,1312,72,,261,2704518,21985,,,,,121,200799,182484,1537,0,,,,,217693,22192,2887002,22993,2887002,22993,,,,,,0,,0
"2020-11-13","VA","A+",3785,3513,27,272,13408,13408,1296,69,,258,2682533,9359,,,,,115,199262,181476,1235,0,,,,,215909,22095,2864009,10212,2864009,10212,,,,,,0,,0
"2020-11-12","VA","A+",3758,3490,17,268,13339,13339,1313,66,,246,2673174,11053,,,,,110,198027,180623,1521,0,,,,,214915,22002,2853797,11990,2853797,11990,,,,,,0,,0
"2020-11-11","VA","A+",3741,3474,15,267,13273,13273,1265,90,,250,2662121,19894,,,,,106,196506,179686,1594,0,,,,,213917,21863,2841807,21148,2841807,21148,,,,,,0,,0
"2020-11-10","VA","A+",3726,3460,13,266,13183,13183,1174,67,,224,2642227,16617,,,,,88,194912,178432,1435,0,,,,,212446,21716,2820659,17809,2820659,17809,,,,,,0,,0
"2020-11-09","VA","A+",3713,3447,6,266,13116,13116,1127,52,,214,2625610,14723,,,,,98,193477,177240,1302,0,,,,,211092,21618,2802850,15744,2802850,15744,,,,,,0,,0
"2020-11-08","VA","A+",3707,3441,3,266,13064,13064,1090,42,,202,2610887,19721,,,,,90,192175,176219,1302,0,,,,,210094,21494,2787106,20753,2787106,20753,,,,,,0,,0
"2020-11-07","VA","A+",3704,3439,22,265,13022,13022,1062,86,,215,2591166,21582,,,,,91,190873,175187,2103,0,,,,,208746,21441,2766353,23124,2766353,23124,,,,,,0,,0
"2020-11-06","VA","A+",3682,3432,-6,250,12936,12936,1057,71,,216,2569584,22796,,,,,96,188770,173645,1568,0,,,,,207023,21366,2743229,24023,2743229,24023,,,,,,0,,0
"2020-11-05","VA","A+",3688,3426,11,262,12865,12865,1064,68,,240,2546788,17449,,,,,104,187202,172418,1366,0,,,,,205694,21289,2719206,18441,2719206,18441,,,,,,0,,0
"2020-11-04","VA","A+",3677,3416,11,261,12797,12797,1041,58,,231,2529339,14247,,,,,102,185836,171426,1157,0,,,,,204362,20372,2700765,15096,2700765,15096,,,,,,0,,0
"2020-11-03","VA","A+",3666,3408,8,258,12739,12739,1026,65,,222,2515092,21449,,,,,97,184679,170577,1261,0,,,,,203259,20306,2685669,22514,2685669,22514,,,,,,0,,0
"2020-11-02","VA","A+",3658,3402,3,256,12674,12674,1031,27,,214,2493643,14659,,,,,97,183418,169512,1026,0,,,,,201764,20124,2663155,15496,2663155,15496,,,,,,0,,0
"2020-11-01","VA","A+",3655,3399,1,256,12647,12647,1012,43,,228,2478984,20635,,,,,98,182392,168675,1202,0,,,,,200892,20044,2647659,21607,2647659,21607,,,,,,0,,0
"2020-10-31","VA","A+",3654,3398,11,256,12604,12604,1026,93,,228,2458349,18236,,,,,104,181190,167703,1551,0,,,,,199544,20008,2626052,19388,2626052,19388,,,,,,0,,0
"2020-10-30","VA","A+",3643,3391,7,252,12511,12511,1065,57,,231,2440113,21692,,,,,107,179639,166551,1456,0,,,,,198437,19929,2606664,22859,2606664,22859,,,,,,0,,0
"2020-10-29","VA","A+",3636,3384,20,252,12454,12454,1082,70,,249,2418421,19416,,,,,108,178183,165384,1429,0,,,,,196941,19832,2583805,20492,2583805,20492,,,,,,0,,0
"2020-10-28","VA","A+",3616,3364,16,252,12384,12384,1068,64,,252,2399005,18829,,,,,113,176754,164308,1345,0,,,,,195768,19786,2563313,19798,2563313,19798,,,,,,0,,0
"2020-10-27","VA","A+",3600,3350,19,250,12320,12320,1081,60,,230,2380176,17182,,,,,106,175409,163339,1134,0,,,,,194517,19702,2543515,18094,2543515,18094,,,,,,0,,0
"2020-10-26","VA","A+",3581,3331,2,250,12260,12260,1048,27,,230,2362994,14549,,,,,114,174275,162427,904,0,,,,,193427,19583,2525421,15308,2525421,15308,,,,,,0,,0
"2020-10-25","VA","A+",3579,3329,1,250,12233,12233,979,35,,216,2348445,20271,,,,,109,173371,161668,999,0,,,,,192590,19520,2510113,21096,2510113,21096,,,,,,0,,0
"2020-10-24","VA","A+",3578,3328,39,250,12198,12198,979,58,,220,2328174,16117,,,,,117,172372,160843,1088,0,,,,,191459,19455,2489017,16956,2489017,16956,,,,,,0,,0
"2020-10-23","VA","A+",3539,3293,15,246,12140,12140,1012,67,,233,2312057,19419,,,,,113,171284,160004,1180,0,,,,,190579,19406,2472061,20363,2472061,20363,,,,,,0,,0
"2020-10-22","VA","A+",3524,3274,9,250,12073,12073,1109,63,,218,2292638,18900,,,,,120,170104,159060,1332,0,,,,,189561,19321,2451698,19962,2451698,19962,,,,,,0,,0
"2020-10-21","VA","A+",3515,3266,30,249,12010,12010,1010,55,,202,2273738,19011,,,,,97,168772,157998,1018,0,,,,,188401,19226,2431736,19796,2431736,19796,,,,,,0,,0
"2020-10-20","VA","A+",3485,3236,28,249,11955,11955,937,73,,194,2254727,13055,,,,,98,167754,157213,926,0,,,,,187280,19170,2411940,13829,2411940,13829,,,,,,0,,0
"2020-10-19","VA","A+",3457,3209,24,248,11882,11882,972,21,,210,2241672,10732,,,,,81,166828,156439,690,0,,,,,186494,19096,2398111,11333,2398111,11333,,,,,,0,,0
"2020-10-18","VA","A+",3433,3186,11,247,11861,11861,972,30,,205,2230940,19628,,,,,95,166138,155838,900,0,,,,,185890,19034,2386778,20398,2386778,20398,,,,,,0,,0
"2020-10-17","VA","A+",3422,3175,14,247,11831,11831,993,51,,219,2211312,18539,,,,,100,165238,155068,1114,0,,,,,184857,18996,2366380,19481,2366380,19481,,,,,,0,,0
"2020-10-16","VA","A+",3408,3161,20,247,11780,11780,1002,76,,222,2192773,19088,,,,,104,164124,154126,1183,0,,,,,183829,18911,2346899,20097,2346899,20097,,,,,,0,,0
"2020-10-15","VA","A+",3388,3149,7,239,11704,11704,1009,76,,220,2173685,21355,,,,,104,162941,153117,1331,0,,,,,182743,18831,2326802,22433,2326802,22433,,,,,,0,,0
"2020-10-14","VA","A+",3381,3141,9,240,11628,11628,1007,30,,230,2152330,11125,,,,,102,161610,152039,805,0,,,,,181521,18747,2304369,11807,2304369,11807,,,,,,0,,0
"2020-10-13","VA","A+",3372,3132,11,240,11598,11598,999,45,,200,2141205,19684,,,,,98,160805,151357,1235,0,,,,,180768,18657,2292562,20720,2292562,20720,,,,,,0,,0
"2020-10-12","VA","A+",3361,3122,3,239,11553,11553,965,34,,205,2121521,14332,,,,,92,159570,150321,854,0,,,,,179640,18539,2271842,15022,2271842,15022,,,,,,0,,0
"2020-10-11","VA","A+",3358,3120,4,238,11519,11519,924,18,,201,2107189,17918,,,,,98,158716,149631,811,0,,,,,176851,18492,2256820,18616,2256820,18616,,,,,,0,,0
"2020-10-10","VA","A+",3354,3116,10,238,11501,11501,943,54,,208,2089271,17689,,,,,97,157905,148933,1256,0,,,,,176851,18447,2238204,18694,2238204,18694,,,,,,0,,0
"2020-10-09","VA","A+",3344,3110,16,234,11447,11447,963,54,,205,2071582,28747,,,,,87,156649,147928,1114,0,,,,,176851,18336,2219510,29718,2219510,29718,,,,,,0,,0
"2020-10-08","VA","A+",3328,3097,25,231,11393,11393,933,48,,196,2042835,17984,,,,,89,155535,146957,1844,0,,,,,175080,18278,2189792,19479,2189792,19479,,,,,,0,,0
"2020-10-07","VA","A+",3303,3088,12,215,11345,11345,1003,29,,228,2024851,15670,,,,,109,153691,145462,509,0,,,,,174072,18189,2170313,16145,2170313,16145,,,,,,0,,0
"2020-10-06","VA","A+",3291,3077,15,214,11316,11316,926,57,,219,2009181,13629,,,,,104,153182,144987,625,0,,,,,173202,18112,2154168,14177,2154168,14177,,,,,,0,,0
"2020-10-05","VA","A+",3276,3063,3,213,11259,11259,925,38,,213,1995552,24597,,,,,101,152557,144439,687,0,,,,,172487,17893,2139991,26113,2139991,26113,,,,,,0,,0
"2020-10-04","VA","A+",3273,3060,3,213,11221,11221,877,30,,197,1970955,0,,,,,98,151870,143883,1067,0,,,,,171249,17848,2113878,0,2113878,0,,,,,,0,,0
"2020-10-03","VA","A+",3270,3057,20,213,11191,11191,906,51,,191,1970955,18444,,,,,103,150803,142923,1116,0,,,,,171249,17810,2113878,19517,2113878,19517,,,,,,0,,0
"2020-10-02","VA","A+",3250,3037,22,213,11140,11140,890,48,,201,1952511,19265,,,,,108,149687,141850,966,0,,,,,169995,17752,2094361,20125,2094361,20125,,,,,,0,,0
"2020-10-01","VA","A+",3228,3015,20,213,11092,11092,913,51,,210,1933246,23872,,,,,107,148721,140990,450,0,,,,,169007,17713,2074236,24248,2074236,24248,,,,,,0,,0
"2020-09-30","VA","A+",3208,2995,21,213,11041,11041,908,63,,190,1909374,9825,,,,,104,148271,140614,755,0,,,,,167677,17633,2049988,10478,2049988,10478,,,,,,0,,0
"2020-09-29","VA","A+",3187,2976,15,211,10978,10978,958,62,,202,1899549,11525,,,,,113,147516,139961,923,0,,,,,167223,17576,2039510,12342,2039510,12342,,,,,,0,,0
"2020-09-28","VA","A+",3172,2962,13,210,10916,10916,890,27,,193,1888024,23629,,,,,103,146593,139144,449,0,,,,,166501,17483,2027168,24039,2027168,24039,,,,,,0,,0
"2020-09-27","VA","A+",3159,2951,15,208,10889,10889,868,26,,198,1864395,9224,,,,,103,146144,138734,736,0,,,,,165374,17443,2003129,9785,2003129,9785,,,,,,0,,0
"2020-09-26","VA","A+",3144,2937,8,207,10863,10863,924,57,,202,1855171,18955,,,,,111,145408,138173,975,0,,,,,165048,17255,1993344,19845,1993344,19845,,,,,,0,,0
"2020-09-25","VA","A+",3136,2930,23,206,10806,10806,965,37,,221,1836216,19699,,,,,117,144433,137283,941,0,,,,,163973,17185,1973499,20534,1973499,20534,,,,,,0,,0
"2020-09-24","VA","A+",3113,2907,24,206,10769,10769,982,51,,219,1816517,29537,,,,,112,143492,136448,902,0,,,,,163164,17099,1952965,30359,1952965,30359,,,,,,0,,0
"2020-09-23","VA","A+",3089,2882,29,207,10718,10718,916,43,,215,1786980,10501,,,,,113,142590,135626,580,0,,,,,161672,17038,1922606,11026,1922606,11026,,,,,,0,,0
"2020-09-22","VA","A+",3060,2853,39,207,10675,10675,940,62,,213,1776479,12143,,,,,113,142010,135101,872,0,,,,,161087,16979,1911580,12943,1911580,12943,,,,,,0,,0
"2020-09-21","VA","A+",3021,2816,6,205,10613,10613,995,22,,217,1764336,16030,,,,,106,141138,134301,627,0,,,,,160412,16903,1898637,16609,1898637,16609,,,,,,0,,0
"2020-09-20","VA","A+",3015,2811,25,204,10591,10591,939,29,,263,1748306,14606,,,,,126,140511,133722,856,0,,,,,159604,16880,1882028,15362,1882028,15362,,,,,,0,,0
"2020-09-19","VA","A+",2990,2787,41,203,10562,10562,960,42,,219,1733700,34167,,,,,108,139655,132966,953,0,,,,,158898,16848,1866666,35043,1866666,35043,,,,,,0,,0
"2020-09-18","VA","A+",2949,2755,29,194,10520,10520,945,56,,212,1699533,8481,,,,,102,138702,132090,1242,0,,,,,157605,16762,1831623,9611,1831623,9611,,,,,,0,,0
"2020-09-17","VA","A+",2920,2734,36,186,10464,10464,995,75,,225,1691052,21164,,,,,109,137460,130960,1101,0,,,,,156565,16671,1822012,22161,1822012,22161,,,,,,0,,0
"2020-09-16","VA","A+",2884,2711,45,173,10389,10389,1027,52,,212,1669888,13594,,,,,103,136359,129963,845,0,,,,,155402,16536,1799851,14298,1799851,14298,,,,,,0,,0
"2020-09-15","VA","A+",2839,2691,96,148,10337,10337,1015,44,,228,1656294,11536,,,,,104,135514,129259,943,0,,,,,154395,16449,1785553,12395,1785553,12395,,,,,,0,,0
"2020-09-14","VA","A+",2743,2607,19,136,10293,10293,1006,49,,220,1644758,12334,,,,,110,134571,128400,757,0,,,,,153493,16361,1773158,13062,1773158,13062,,,,,,0,,0
"2020-09-13","VA","A+",2724,2591,2,133,10244,10244,1012,26,,232,1632424,15254,,,,,119,133814,127672,874,0,,,,,152703,16310,1760096,16076,1760096,16076,,,,,,0,,0
"2020-09-12","VA","A+",2722,2589,11,133,10218,10218,995,63,,228,1617170,14763,,,,,113,132940,126850,1300,0,,,,,151825,16276,1744020,15910,1744020,15910,,,,,,0,,0
"2020-09-11","VA","A+",2711,2578,3,133,10155,10155,1120,70,,249,1602407,16470,,,,,120,131640,125703,1115,0,,,,,150703,16143,1728110,17554,1728110,17554,,,,,,0,,0
"2020-09-10","VA","A+",2708,2575,11,133,10085,10085,1096,77,,255,1585937,15222,,,,,134,130525,124619,1236,0,,,,,149486,16061,1710556,16353,1710556,16353,,,,,,0,,0
"2020-09-09","VA","A+",2697,2564,11,133,10008,10008,1072,76,,252,1570715,9378,,,,,121,129289,123488,882,0,,,,,148183,15967,1694203,10155,1694203,10155,,,,,,0,,0
"2020-09-08","VA","A+",2686,2553,2,133,9932,9932,1051,30,,240,1561337,6810,,,,,118,128407,122711,836,0,,,,,147187,15770,1684048,7602,1684048,7602,,,,,,0,,0
"2020-09-07","VA","A+",2684,2551,6,133,9902,9902,1061,21,,249,1554527,11369,,,,,119,127571,121919,645,0,,,,,146610,15742,1676446,11971,1676446,11971,,,,,,0,,0
"2020-09-06","VA","A+",2678,2545,1,133,9881,9881,1083,32,,232,1543158,11329,,,,,119,126926,121317,1199,0,,,,,145825,15683,1664475,12455,1664475,12455,,,,,,0,,0
"2020-09-05","VA","A+",2677,2544,15,133,9849,9849,1098,51,,243,1531829,16780,,,,,121,125727,120191,948,0,,,,,144891,15636,1652020,17712,1652020,17712,,,,,,0,,0
"2020-09-04","VA","A+",2662,2529,10,133,9798,9798,1101,57,,244,1515049,14186,,,,,128,124779,119259,1111,0,,,,,143477,15492,1634308,15255,1634308,15255,,,,,,0,,0
"2020-09-03","VA","A+",2652,2519,11,133,9741,9741,1130,63,,257,1500863,12714,,,,,123,123668,118190,1126,0,,,,,142173,15395,1619053,13763,1619053,13763,,,,,,0,,0
"2020-09-02","VA","A+",2641,2508,29,133,9678,9678,1114,57,,266,1488149,11075,,,,,134,122542,117141,927,0,,,,,140932,15319,1605290,11922,1605290,11922,,,,,,0,,0
"2020-09-01","VA","A+",2612,2479,32,133,9621,9621,1039,52,,258,1477074,11117,,,,,130,121615,116294,1021,0,,,,,140228,15199,1593368,12077,1593368,12077,,,,,,0,,0
"2020-08-31","VA","A+",2580,2447,11,133,9569,9569,1082,14,,257,1465957,12277,,,,,146,120594,115334,847,0,,,,,139056,15085,1581291,13097,1581291,13097,,,,,,0,,0
"2020-08-30","VA","A+",2569,2436,1,133,9555,9555,1090,43,,251,1453680,11816,,,,,132,119747,114514,938,0,,,,,137012,14999,1568194,12707,1568194,12707,,,,,,0,,0
"2020-08-29","VA","A+",2568,2435,18,133,9512,9512,1101,52,,245,1441864,15020,,,,,131,118809,113623,1217,0,,,,,137012,14957,1555487,16197,1555487,16197,,,,,,0,,0
"2020-08-28","VA","A+",2550,2417,35,133,9460,9460,1101,69,,261,1426844,34760,,,,,136,117592,112446,2134,0,,,,,135726,14866,1539290,36769,1539290,36769,,,,,,0,,0
"2020-08-27","VA","A+",2515,2382,0,133,9391,9391,1174,65,,264,1392084,0,,,,,148,115458,110437,0,0,,,,,134326,14764,1502521,0,1502521,0,,,,,,0,,0
"2020-08-26","VA","A+",2515,2382,21,133,9326,9326,1170,67,,265,1392084,6749,,,,,145,115458,110437,823,0,,,,,133061,14682,1502521,7507,1502521,7507,,,,,,0,,0
"2020-08-25","VA","A+",2494,2370,23,124,9259,9259,1174,52,,273,1385335,14985,,,,,144,114635,109679,1005,0,,,,,132419,14581,1495014,15897,1495014,15897,,,,,,0,,0
"2020-08-24","VA","A+",2471,2352,4,119,9207,9207,1127,31,,256,1370350,12429,,,,,134,113630,108767,664,0,,,,,131291,14482,1479117,13084,1479117,13084,,,,,,0,,0
"2020-08-23","VA","A+",2467,2348,24,119,9176,9176,1155,37,,251,1357921,11518,,,,,130,112966,108112,894,0,,,,,130505,14443,1466033,12362,1466033,12362,,,,,,0,,0
"2020-08-22","VA","A+",2443,2324,7,119,9139,9139,1154,68,,254,1346403,15302,,,,,125,112072,107268,1212,0,,,,,129523,14353,1453671,16393,1453671,16393,,,,,,0,,0
"2020-08-21","VA","A+",2436,2319,9,117,9071,9071,1233,73,,263,1331101,18055,,,,,142,110860,106177,978,0,,,,,128248,14249,1437278,18943,1437278,18943,,,,,,0,,0
"2020-08-20","VA","A+",2427,2310,17,117,8998,8998,1266,73,,276,1313046,15050,,,,,148,109882,105289,863,0,,,,,126909,14091,1418335,15864,1418335,15864,,,,,,0,,0
"2020-08-19","VA","A+",2410,2293,14,117,8925,8925,1243,76,,280,1297996,15973,,,,,145,109019,104475,737,0,,,,,125862,13989,1402471,16639,1402471,16639,,,,,,0,,0
"2020-08-18","VA","A+",2396,2278,11,118,8849,8849,1253,82,,300,1282023,16002,,,,,163,108282,103809,861,0,,,,,125049,13910,1385832,16795,1385832,16795,,,,,,0,,0
"2020-08-17","VA","A+",2385,2268,4,117,8767,8767,1173,30,,281,1266021,18860,,,,,158,107421,103016,734,0,,,,,124287,13827,1369037,19577,1369037,19577,,,,,,0,,0
"2020-08-16","VA","A+",2381,2266,0,115,8737,8737,1184,36,,283,1247161,15671,,,,,165,106687,102299,937,0,,,,,123419,13783,1349460,16522,1349460,16522,,,,,,0,,0
"2020-08-15","VA","A+",2381,2265,11,116,8701,8701,1271,51,,279,1231490,16056,,,,,167,105750,101448,912,0,,,,,122373,13694,1332938,16901,1332938,16901,,,,,,0,,0
"2020-08-14","VA","A+",2370,2255,7,115,8650,8650,1299,58,,268,1215434,12953,,,,,150,104838,100603,1216,0,,,,,121207,13477,1316037,14128,1316037,14128,,,,,,0,,0
"2020-08-13","VA","A+",2363,2248,11,115,8592,8592,1258,60,,289,1202481,17446,,,,,141,103622,99428,1101,0,,,,,120124,13389,1301909,18500,1301909,18500,,,,,,0,,0
"2020-08-12","VA","A+",2352,2238,8,114,8532,8532,1281,74,,290,1185035,15235,,,,,142,102521,98374,776,0,,,,,118778,13247,1283409,15897,1283409,15897,,,,,,0,,0
"2020-08-11","VA","A+",2344,2232,17,112,8458,8458,1293,67,,280,1169800,9002,,,,,148,101745,97712,996,0,,,,,117747,13152,1267512,9907,1267512,9907,,,,,,0,,0
"2020-08-10","VA","A+",2327,2215,1,112,8391,8391,1251,22,,279,1160798,16626,,,,,159,100749,96807,663,0,,,,,116969,12961,1257605,17266,1257605,17266,,,,,,0,,0
"2020-08-09","VA","A+",2326,2214,4,112,8369,8369,1200,37,,260,1144172,20333,,,,,146,100086,96167,897,0,,,,,115992,12923,1240339,21174,1240339,21174,,,,,,0,,0
"2020-08-08","VA","A+",2322,2211,5,111,8332,8332,1258,51,,271,1123839,12976,,,,,145,99189,95326,1307,0,,,,,115088,12843,1219165,14161,1219165,14161,,,,,,0,,0
"2020-08-07","VA","A+",2317,2208,18,109,8281,8281,1372,98,,284,1110863,11803,,,,,159,97882,94141,2015,0,,,,,113903,12725,1205004,13700,1205004,13700,,,,,,0,,0
"2020-08-06","VA","A+",2299,2191,25,108,8183,8183,1349,57,,284,1099060,14353,,,,,157,95867,92244,818,0,,,,,112844,12635,1191304,15124,1191304,15124,,,,,,0,,0
"2020-08-05","VA","A+",2274,2164,30,110,8126,8126,1304,41,,283,1084707,10920,,,,,144,95049,91473,798,0,,,,,111669,12522,1176180,11665,1176180,11665,,,,,,0,,0
"2020-08-04","VA","A+",2244,2134,26,110,8085,8085,1255,67,,282,1073787,11785,,,,,144,94251,90728,1145,0,,,,,110906,12385,1164515,12911,1164515,12911,,,,,,0,,0
"2020-08-03","VA","A+",2218,2108,0,110,8018,8018,1205,63,,271,1062002,13758,,,,,151,93106,89602,1324,0,,,,,109903,12255,1151604,15036,1151604,15036,,,,,,0,,0
"2020-08-02","VA","A+",2218,2108,3,110,7955,7955,1172,45,,267,1048244,11684,,,,,138,91782,88324,981,0,,,,,108778,12108,1136568,12641,1136568,12641,,,,,,0,,0
"2020-08-01","VA","A+",2215,2105,41,110,7910,7910,1256,44,,275,1036560,15701,,,,,150,90801,87367,913,0,,,,,107823,12007,1123927,16567,1123927,16567,,,,,,0,,0
"2020-07-31","VA","A+",2174,2067,33,107,7866,7866,1334,80,,279,1020859,14790,,,,,145,89888,86501,984,0,,,,,106630,11937,1107360,15745,1107360,15745,,,,,,0,,0
"2020-07-30","VA","A+",2141,2035,16,106,7786,7786,1357,48,,284,1006069,17306,,,,,147,88904,85546,911,0,,,,,105369,11728,1091615,18152,1091615,18152,,,,,,0,,0
"2020-07-29","VA","A+",2125,2020,30,105,7738,7738,1350,52,,276,988763,16347,,,,,155,87993,84700,999,0,,,,,104037,11650,1073463,17315,1073463,17315,,,,,,0,,0
"2020-07-28","VA","A+",2095,1991,13,104,7686,7686,1294,39,,261,972416,19277,,,,,153,86994,83732,922,0,,,,,101450,11550,1056148,20138,1056148,20138,,,,,,0,,0
"2020-07-27","VA","A+",2082,1978,4,104,7647,7647,1200,54,,260,953139,9466,,,,,140,86072,82871,1505,0,,,,,101450,10940,1036010,10944,1036010,10944,,,,,,0,,0
"2020-07-26","VA","A+",2078,1975,3,103,7593,7593,1174,23,,268,943673,16839,,,,,143,84567,81393,958,0,,,,,100785,10882,1025066,17752,1025066,17752,,,,,,0,,0
"2020-07-25","VA","A+",2075,1972,8,103,7570,7570,1201,55,,266,926834,18899,,,,,138,83609,80480,1245,0,,,,,99636,10800,1007314,20126,1007314,20126,,,,,,0,,0
"2020-07-24","VA","A+",2067,1964,13,103,7515,7515,1250,78,,274,907935,16972,,,,,142,82364,79253,1127,0,,,,,98175,10576,987188,18043,987188,18043,,,,,,0,,0
"2020-07-23","VA","A+",2054,1951,3,103,7437,7437,1218,86,,257,890963,17169,,,,,136,81237,78182,844,0,,,,,96887,10479,969145,17971,969145,17971,,,,,,0,,0
"2020-07-22","VA","A+",2051,1948,3,103,7351,7351,1157,84,,253,873794,13073,,,,,136,80393,77380,1022,0,,,,,94379,10331,951174,14026,951174,14026,,,,,,0,,0
"2020-07-21","VA","A+",2048,1945,17,103,7267,7267,1189,66,,258,860721,18635,,,,,127,79371,76427,996,0,,,,,94379,10235,937148,19647,937148,19647,,,,,,0,,0
"2020-07-20","VA","A+",2031,1927,4,104,7201,7201,1158,36,,265,842086,12153,,,,,125,78375,75415,945,0,,,,,93228,10107,917501,7498,917501,7498,,,,,,0,,0
"2020-07-19","VA","A+",2027,1923,2,104,7165,7165,1186,18,,249,829933,16605,,,,,127,77430,74490,1057,0,,,,,92712,10017,910003,12739,910003,12739,,,,,,0,,0
"2020-07-18","VA","A+",2025,1921,12,104,7147,7147,1166,60,,254,813328,12057,,,,,108,76373,73420,940,0,,,,,91652,9976,897264,16938,897264,16938,,,,,,0,,0
"2020-07-17","VA","A+",2013,1909,6,104,7087,7087,1171,67,,247,801271,14529,,,,,118,75433,72516,1002,0,,,,,90256,9883,880326,12395,880326,12395,,,,,,0,,0
"2020-07-16","VA","A+",2007,1903,15,104,7020,7020,1134,115,,248,786742,15287,,,,,118,74431,71570,904,0,,,,,89268,9644,867931,13565,867931,13565,,,,,,0,,0
"2020-07-15","VA","A+",1992,1882,15,110,6905,6905,1081,88,,246,771455,13048,,,,,113,73527,70669,1084,0,,,,,88265,9527,854366,13864,854366,13864,,,,,,0,,0
"2020-07-14","VA","A+",1977,1870,9,107,6817,6817,1127,52,,249,758407,16034,,,,,112,72443,69610,801,0,,,,,87237,9423,840502,14041,840502,14041,,,,,,0,,0
"2020-07-13","VA","A+",1968,1861,2,107,6765,6765,1129,21,,243,742373,8998,,,,,105,71642,68814,972,0,,,,,86045,9330,826461,12538,826461,12538,,,,,,0,,0
"2020-07-12","VA","A+",1966,1859,4,107,6744,6744,1045,37,,228,733375,16822,,,,,101,70670,67830,888,0,,,,,84998,9310,813923,16007,813923,16007,,,,,,0,,0
"2020-07-11","VA","A+",1962,1857,4,105,6707,6707,1020,32,,230,716553,16759,,,,,97,69782,66963,851,0,,,,,83832,9271,797916,16539,797916,16539,,,,,,0,,0
"2020-07-10","VA","A+",1958,1853,21,105,6675,6675,1006,50,,234,699794,14354,,,,,102,68931,66095,943,0,,,,,82679,9189,781377,13457,781377,13457,,,,,,0,,0
"2020-07-09","VA","A+",1937,1832,32,105,6625,6625,956,48,,215,685440,14816,,,,,93,67988,65191,613,0,,,,,81692,9065,767920,16721,767920,16721,,,,,,0,,0
"2020-07-08","VA","A+",1905,1799,24,106,6577,6577,971,65,,230,670624,9247,,,,,98,67375,64583,635,0,,,,,80487,9011,751199,12900,751199,12900,,,,,,0,,0
"2020-07-07","VA","A+",1881,1775,28,106,6512,6512,902,77,,221,661377,12366,,,,,105,66740,63950,638,0,,,,,79499,8913,738299,10798,738299,10798,,,,,,0,,0
"2020-07-06","VA","A+",1853,1747,0,106,6435,6435,783,17,,194,649011,5404,,,,,86,66102,63339,354,0,,,,,78870,8809,727501,9362,727501,9362,,,,,,0,,0
"2020-07-05","VA","A+",1853,1746,4,107,6418,6418,792,13,,202,643607,9487,,,,,95,65748,62981,639,0,,,,,78124,8784,718139,10389,718139,10389,,,,,,0,,0
"2020-07-04","VA","A+",1849,1745,4,104,6405,6405,808,23,,207,634120,10153,,,,,99,65109,62400,716,0,,,,,77536,8741,707750,11709,707750,11709,,,,,,0,,0
"2020-07-03","VA","A+",1845,1741,29,104,6382,6382,818,49,,207,623967,13446,,,,,95,64393,61690,658,0,,,,,76798,8711,696041,11483,696041,11483,,,,,,0,,0
"2020-07-02","VA","A+",1816,1712,30,104,6333,6333,888,71,,206,610521,15091,,,,,95,63735,61039,532,0,,,,,75964,8496,684558,12640,684558,12640,,,,,,0,,0
"2020-07-01","VA","A+",1786,1681,23,105,6262,6262,892,59,,205,595430,13183,,,,,95,63203,60528,416,0,,,,,75141,8131,671918,16514,671918,16514,,,,,,0,,0
"2020-06-30","VA","A+",1763,1658,23,105,6203,6203,902,39,,230,582247,8064,,,,,98,62787,60124,598,0,,,,,74344,8080,655404,9645,655404,9645,,,,,,0,,0
"2020-06-29","VA","A+",1740,1635,8,105,6164,6164,796,28,,225,574183,7591,,,,,101,62189,59522,453,0,,,,,73788,8023,645759,9045,645759,9045,,,,,,0,,0
"2020-06-28","VA","A+",1732,1628,8,104,6136,6136,818,16,,235,566592,9913,,,,,107,61736,59071,489,0,,,,,73198,8005,636714,10692,636714,10692,,,,,,0,,0
"2020-06-27","VA","A+",1724,1620,24,104,6120,6120,819,49,,234,556679,10786,,,,,103,61247,58611,677,0,,,,,72567,7968,626022,10518,626022,10518,,,,,,0,,0
"2020-06-26","VA","A+",1700,1596,25,104,6071,6071,854,76,,219,545893,12873,,,,,99,60570,57977,624,0,,,,,71867,7868,615504,11693,615504,11693,,,,,,0,,0
"2020-06-25","VA","A+",1675,1572,14,103,5995,5995,854,40,,237,533020,15963,,,,,104,59946,57384,432,0,,,,,70986,7818,603811,11740,603811,11740,,,,,,0,,0
"2020-06-24","VA","A+",1661,1559,16,102,5955,5955,886,42,,235,517057,7674,,,,,107,59514,56956,520,0,,,,,70203,7765,592071,10763,592071,10763,,,,,,0,,0
"2020-06-23","VA","A+",1645,1542,25,103,5913,5913,847,44,,245,509383,9725,,,,,126,58994,56452,529,0,,,,,69593,7725,581308,8137,581308,8137,,,,,,0,,0
"2020-06-22","VA","A+",1620,1517,9,103,5869,5869,848,29,,240,499658,11976,,,,,132,58465,55949,471,0,,,,,69143,7663,573171,8774,573171,8774,,,,,,0,,0
"2020-06-21","VA","A+",1611,1508,4,103,5840,5840,863,33,,243,487682,13721,,,,,125,57994,55504,551,0,,,,,68672,7646,564397,14255,564397,14255,,,,,,0,,0
"2020-06-20","VA","A+",1607,1504,5,103,5807,5807,880,10,,267,473961,18343,,,,,133,57443,54953,650,0,,,,,67975,7607,550142,8834,550142,8834,,,,,,0,,0
"2020-06-19","VA","A+",1602,1499,16,103,5797,5797,862,53,,251,455618,9788,,,,,121,56793,54312,555,0,,,,,67410,7563,541308,9873,541308,9873,,,,,,0,,0
"2020-06-18","VA","A+",1586,1482,3,104,5744,5744,857,52,,241,445830,7264,,,,,129,56238,53769,463,0,,,,,66774,7493,531435,11335,531435,11335,,,,,,0,,0
"2020-06-17","VA","A+",1583,1478,13,105,5692,5692,938,49,,249,438566,8459,,,,,120,55775,53318,444,0,,,,,66042,7429,520100,10219,520100,10219,,,,,,0,,0
"2020-06-16","VA","A+",1570,1465,18,105,5643,5643,904,55,,241,430107,5994,,,,,125,55331,52917,445,0,,,,,65432,7341,509881,7489,509881,7489,,,,,,0,,0
"2020-06-15","VA","A+",1552,1444,6,108,5588,5588,902,52,,269,424113,9619,,,,,130,54886,52460,380,0,,,,,64951,7230,502392,8677,502392,8677,,,,,,0,,0
"2020-06-14","VA","A+",1546,1438,5,108,5536,5536,958,25,,334,414494,8370,,,,,155,54506,52103,637,0,,,,,64446,7178,493715,9500,493715,9500,,,,,,0,,0
"2020-06-13","VA","A+",1541,1435,7,106,5511,5511,959,66,,295,406124,8805,,,,,142,53869,51499,658,0,,,,,63856,7131,484215,10561,484215,10561,,,,,,0,,0
"2020-06-12","VA","A+",1534,1426,14,108,5445,5445,1026,85,,297,397319,42569,,,,,143,53211,50853,564,0,,,,,63219,7002,473654,9966,473654,9966,,,,,,0,,0
"2020-06-11","VA","A+",1520,1413,6,107,5360,5360,1069,88,,273,354750,8563,,,,,138,52647,50275,470,0,,,,,62434,6895,463688,12100,463688,12100,,,,,,0,,0
"2020-06-10","VA","A+",1514,1408,18,106,5272,5272,1155,69,,296,346187,7069,,,,,139,52177,49785,439,0,,,,,61618,6826,451588,10867,451588,10867,,,,,,0,,0
"2020-06-09","VA","A+",1496,1391,19,105,5203,5203,1169,60,,311,339118,6777,,,,,155,51738,49362,487,0,,,,,60931,6677,440721,8054,440721,8054,,,,,,0,,0
"2020-06-08","VA","A+",1477,1373,5,104,5143,5143,1173,37,,308,332341,3206,,,,,160,51251,48879,570,0,,,,,60282,6557,432667,8655,432667,8655,,,,,,0,,0
"2020-06-07","VA","A+",1472,1369,12,103,5106,5106,1186,52,,316,329135,7401,,,,,165,50681,48349,1284,0,,,,,59668,6538,424012,9237,424012,9237,,,,,,0,,0
"2020-06-06","VA","A+",1460,1357,7,103,5054,5054,1171,46,,324,321734,6496,,,,,169,49397,47123,865,0,,,,,59020,6382,414775,9893,414775,9893,,,,,,0,,0
"2020-06-05","VA","A+",1453,1350,8,103,5008,5008,1205,51,,320,315238,9504,,,,,161,48532,46281,676,0,,,,,58319,6392,404882,11931,404882,11931,,,,,,0,,0
"2020-06-04","VA","A+",1445,1338,17,107,4957,4957,1266,73,,321,305734,10252,,,,,171,47856,45620,951,0,,,,,57368,6284,392951,11402,392951,11402,,,,,,0,,0
"2020-06-03","VA","A+",1428,1322,21,106,4884,4884,1311,114,,313,295482,12832,,,,,185,46905,44715,666,0,,,,,56250,6165,381549,12268,381549,12268,,,,,,0,,0
"2020-06-02","VA","A+",1407,1300,15,107,4770,4770,1362,76,,336,282650,3329,,,,,186,46239,44069,841,0,,,,,55298,6011,369281,7484,369281,7484,,,,,,0,,0
"2020-06-01","VA","A+",1392,1282,17,110,4694,4694,1371,51,,347,279321,8537,,,,,188,45398,43247,791,0,,,,,54481,5899,361797,7958,361797,7958,,,,,,0,,0
"2020-05-31","VA","A+",1375,1274,5,101,4643,4643,1458,42,,371,270784,8883,,,,,196,44607,42499,996,0,,,,,53898,5868,353839,9839,353839,9839,,,,,,0,,0
"2020-05-30","VA","A+",1370,1269,12,101,4601,4601,1471,72,,372,261901,6057,,,,,194,43611,41529,1078,0,,,,,53077,5745,344000,11953,344000,11953,,,,,,0,,0
"2020-05-29","VA","A+",1358,1258,20,100,4529,4529,1524,87,,373,255844,9964,,,,,193,42533,40477,1132,0,,,,,51711,5648,332047,12362,332047,12362,,,,,,0,,0
"2020-05-28","VA","A+",1338,1236,57,102,4442,4442,1502,57,,416,245880,9082,,,,,195,41401,39393,1152,0,,,,,50205,5472,319685,11757,319685,11757,,,,,,0,,0
"2020-05-27","VA","A+",1281,1202,45,79,4385,4385,1459,60,,390,236798,8959,,,,,203,40249,38276,907,0,,,,,48969,5367,307928,11501,307928,11501,,,,,,0,,0
"2020-05-26","VA","A+",1236,1175,28,61,4325,4325,1403,56,,366,227839,6816,,,,,190,39342,37440,1615,0,,,,,47645,5227,296427,5226,296427,5226,,,,,,0,,0
"2020-05-25","VA","A+",1208,1158,37,50,4269,4269,1376,55,,349,221023,13182,,,,,182,37727,35890,1483,0,,,,,47140,5145,291201,7585,291201,7585,,,,,,0,,0
"2020-05-24","VA","A+",1171,1135,12,36,4214,4214,1351,33,,354,207841,11120,,,,,192,36244,34451,495,0,,,,,46256,5102,283616,7319,283616,7319,,,,,,0,,0
"2020-05-23","VA","A+",1159,1123,23,36,4181,4181,1384,36,,330,196721,6496,,,,,213,35749,33962,799,0,,,,,45359,5047,276297,10630,276297,10630,,,,,,0,,0
"2020-05-22","VA","A+",1136,1100,37,36,4145,4145,1459,52,,366,190225,5763,,,,,207,34950,33208,813,0,,,,,43902,4963,265667,8187,265667,8187,,,,,,0,,0
"2020-05-21","VA","A+",1099,1064,25,35,4093,4093,1491,114,,351,184462,4744,,,,,191,34137,32428,1229,0,,,,,42676,4778,257480,11052,257480,11052,,,,,,0,,0
"2020-05-20","VA","A+",1074,1040,33,34,3979,3979,1536,75,,370,179718,9074,,,,,202,32908,31247,763,0,,,,,41104,4523,246428,8154,246428,8154,,,,,,0,,0
"2020-05-19","VA","A+",1041,1007,27,34,3904,3904,1497,82,,377,170644,5558,,,,,199,32145,30539,1005,0,,,,,39921,4271,238274,5640,238274,5640,,,,,,0,,0
"2020-05-18","VA","A+",1014,980,5,34,3822,3822,1502,47,,361,165086,5113,,,,,194,31140,29591,752,0,,,,,39211,4107,232634,8508,232634,8508,,,,,,0,,0
"2020-05-17","VA","A+",1009,975,7,34,3775,3775,1524,51,,379,159973,4088,,,,,195,30388,28901,705,0,,,,,38003,3993,224126,7805,224126,7805,,,,,,0,,0
"2020-05-16","VA","A+",1002,968,25,34,3724,3724,1505,67,,381,155885,6543,,,,,189,29683,28233,1011,0,,,,,36922,3909,216321,7210,216321,7210,,,,,,0,,0
"2020-05-15","VA","A+",977,944,22,33,3657,3657,1511,65,,362,149342,10325,,,,,195,28672,27293,859,0,,,,,35912,3805,209111,7952,209111,7952,,,,,,0,,0
"2020-05-14","VA","A+",955,927,28,28,3592,3592,1533,72,,355,139017,4371,,,,,201,27813,26469,1067,0,,,,,34740,3678,201159,8735,201159,8735,,,,,,0,,0
"2020-05-13","VA","A+",927,899,36,28,3520,3520,1526,125,,374,134646,5117,,,,,202,26746,25431,946,0,,,,,33434,3554,192424,6009,192424,6009,,,,,,0,,0
"2020-05-12","VA","A+",891,864,41,27,3395,3395,1529,95,,364,129529,3982,,,,,201,25800,24601,730,0,,,,,32577,3400,186415,4204,186415,4204,,,,,,0,,0
"2020-05-11","VA","A+",850,823,11,27,3300,3300,1504,89,,362,125547,6573,,,,,194,25070,23889,989,0,,,,,31982,3273,182211,5553,182211,5553,,,,,,0,,0
"2020-05-10","VA","A+",839,813,12,26,3211,3211,1555,47,,351,118974,5021,,,,,187,24081,22962,885,0,,,,,31136,3201,176658,7117,176658,7117,,,,,,0,,0
"2020-05-09","VA","A+",827,801,15,26,3164,3164,1593,105,,367,113953,6350,,,,,198,23196,22086,854,0,,,,,30016,3124,169541,8426,169541,8426,,,,,,0,,0
"2020-05-08","VA","A+",812,787,43,25,3059,3059,1625,104,,378,107603,6021,,,,,199,22342,21274,772,0,,,,,28671,2997,161115,7282,161115,7282,,,,,,0,,0
"2020-05-07","VA","A+",769,745,56,24,2955,2955,1613,182,,371,101582,8130,,,,,203,21570,20537,1314,0,,,,,27518,2825,153833,8712,153833,8712,,,,,,0,,0
"2020-05-06","VA","A+",713,690,0,23,2773,2773,1496,73,,361,93452,0,,,,,189,20256,19357,0,0,,,,,26185,2617,145121,6185,145121,6185,,,,,,0,,0
"2020-05-05","VA","A+",713,690,29,23,2700,2700,1496,73,,361,93452,651,,,,,189,20256,19357,764,0,,,,,25079,2617,138936,3295,138936,3295,,,,,,0,,0
"2020-05-04","VA","A+",684,662,24,22,2627,2627,1463,108,,348,92801,3470,,,,,192,19492,18640,821,0,,,,,24539,2547,135641,4821,135641,4821,,,,,,0,,0
"2020-05-03","VA","B",660,644,44,16,2519,2519,1413,103,,385,89331,4966,,,,,193,18671,17873,940,0,,,,,23596,2497,130820,5852,130820,5852,,,,,,0,,0
"2020-05-02","VA","B",616,607,35,9,2416,2416,1426,94,,375,84365,-5174,,,,,202,17731,16979,830,0,,,,,22637,2312,124968,6613,124968,6613,,,,,,0,,0
"2020-05-01","VA","B",581,572,29,9,2322,2322,1431,63,,366,89539,13876,,,,,193,16901,16109,1055,0,,,,,21476,2196,118355,5440,118355,5440,,,,,,0,,0
"2020-04-30","VA","B",552,543,30,9,2259,2259,1550,94,,372,75663,4684,,,,,208,15846,15180,885,0,,,,,20578,2104,112915,6644,112915,6644,,,,,,0,,0
"2020-04-29","VA","B",522,513,30,9,2165,2165,1566,99,,387,70979,2020,,,,,222,14961,14328,622,0,,,,,19344,2042,106271,4089,106271,4089,,,,,,0,,0
"2020-04-28","VA","B",492,487,34,5,2066,2066,1508,52,,376,68959,1815,,,,,217,14339,13794,804,0,,,,,18567,1914,102182,3254,102182,3254,,,,,,0,,0
"2020-04-27","VA","B",458,454,10,4,2014,2014,1455,72,,389,67144,3514,,,,,217,13535,13036,565,0,,,,,17974,1843,98928,3742,98928,3742,,,,,,0,,0
"2020-04-26","VA","B",448,444,12,4,1942,1942,1436,105,,387,63630,3354,,,,,217,12970,12488,604,0,,,,,17180,1815,95186,4061,95186,4061,,,,,,0,,0
"2020-04-25","VA","B",436,432,26,4,1837,1837,1405,84,,357,60276,2430,,,,,223,12366,11902,772,0,,,,,16409,1717,91125,3529,91125,3529,,,,,,0,,0
"2020-04-24","VA","A",410,407,38,3,1753,1753,1399,94,,379,57846,3955,,,,,220,11594,11169,596,0,,,,,15704,1672,87596,4990,87596,4990,,,,,,0,,0
"2020-04-23","VA","A",372,370,23,2,1659,1659,1379,78,,400,53891,3379,,,,,249,10998,10627,732,0,,,,,14835,1567,82606,4811,82606,4811,,,,,,0,,0
"2020-04-22","VA","A",349,347,25,2,1581,1581,1374,81,,419,50512,1788,,,,,244,10266,9952,636,0,,,,,13940,1497,77795,2716,77795,2716,,,,,,0,,0
"2020-04-21","VA","A",324,321,24,3,1500,1500,1331,78,,403,48724,979,,,,,251,9630,9451,640,0,,,,,13382,1418,75079,1974,75079,1974,,,,,,0,,0
"2020-04-20","VA","A",300,,23,,1422,1422,1296,126,,396,47745,1549,,,,,237,8990,,453,0,,,,,12913,1324,73105,2439,73105,2439,,,,,,0,,0
"2020-04-19","VA","A",277,,19,,1296,1296,1319,75,,388,46196,2318,,,,,231,8537,,484,0,,,,,12352,1267,70666,2706,70666,2706,,,,,,0,,0
"2020-04-18","VA","A",258,,27,,1221,1221,1307,107,,398,43878,2372,,,,,230,8053,,562,0,,,,,11808,1228,67960,3305,67960,3305,,,,,,0,,0
"2020-04-17","VA","A",231,,23,,1114,1114,1308,66,,400,41506,1951,,,,,224,7491,,602,0,,,,,11200,1110,64655,3271,64655,3271,,,,,,0,,0
"2020-04-16","VA","A",208,,13,,1048,1048,1337,70,,427,39555,1886,,,,,238,6889,,389,0,,,,,10526,951,61384,3026,61384,3026,,,,,,0,,0
"2020-04-15","VA","A",195,,41,,978,978,1298,75,,394,37669,1077,,,,,234,6500,,329,0,,,,,9948,752,58358,2047,58358,2047,,,,,,0,,0
"2020-04-14","VA","A",154,,5,,903,903,1282,31,,422,36592,938,,,,,276,6171,,424,0,,,,,9551,721,56311,1613,56311,1613,,,,,,0,,0
"2020-04-13","VA","A",149,,8,,872,872,1238,35,,428,35654,943,,,,,302,5747,,473,0,,,,,9221,,54698,2142,54698,2142,,,,,,0,,0
"2020-04-12","VA","A",141,,11,,837,837,751,65,,440,34711,1789,,,,,294,5274,,197,0,,,,,8813,,52556,2365,52556,2365,,,,,,0,,0
"2020-04-11","VA","A",130,,9,,772,772,1252,87,,426,32922,1972,,,,,283,5077,,568,0,,,,,8351,,50191,2799,50191,2799,,,,,,0,,0
"2020-04-10","VA","A",121,,12,,685,685,1238,122,,457,30950,1966,,,,,287,4509,,467,0,,,,,7915,,47392,3372,47392,3372,,,,,,0,,0
"2020-04-09","VA","A",109,,34,,563,563,669,0,,469,28984,1984,,,,,285,4042,,397,0,,,,,7378,,44020,2310,44020,2310,,,,,,0,,0
"2020-04-08","VA","A",75,,12,,563,563,,66,,,27000,1688,,,,,,3645,,312,0,,,,,6923,,41710,2391,41710,2391,,,,,,0,,0
"2020-04-07","VA","A",63,,9,,497,497,,66,,,25312,3669,,,,,,3333,,455,0,,,,,6533,,39319,2962,39319,2962,,,,,,0,,0
"2020-04-06","VA","A",54,,3,,431,431,,41,,,21643,609,,,,,,2878,,241,0,,,,,6122,,36357,3809,36357,3809,,,,,,0,,0
"2020-04-05","VA","A",51,,-1,,390,390,,78,,,21034,1889,,,,,,2637,,230,0,,,,,5637,,32548,2193,32548,2193,,,,,,0,,0
"2020-04-04","VA","A",52,,6,,312,312,,66,,,19145,2152,,,,,,2407,,395,0,,,,,5230,,30355,2709,30355,2709,,,,,,0,,0
"2020-04-03","VA","A",46,,5,,246,246,,38,,,16993,1110,,,,,,2012,,306,0,,,,,4880,,27646,1964,27646,1964,,,,,,0,,0
"2020-04-02","VA","A",41,,7,,208,208,246,43,,,15883,2023,,,,,,1706,,222,0,,,,,4550,,25682,2392,25682,2392,,,,,,0,,0
"2020-04-01","VA","A",34,,7,,165,165,,29,,,13860,1709,,,,,,1484,,234,0,,,,,4191,,23290,1897,23290,1897,,,,,,0,,0
"2020-03-31","VA","A",27,,2,,136,136,,24,,,12151,1133,,,,,,1250,,230,0,,,,,3847,,21393,1685,21393,1685,,,,,,0,,0
"2020-03-30","VA","A",25,,3,,112,112,,13,,,11018,1299,,,,,,1020,,130,0,,,,,3613,,19708,1386,19708,1386,,,,,,0,,0
"2020-03-29","VA","A",22,,5,,99,99,,16,,,9719,1292,,,,,,890,,151,0,,,,,3403,,18322,1598,18322,1598,,,,,,0,,0
"2020-03-28","VA","A",17,,3,,83,83,,18,,,8427,1694,,,,,,739,,135,0,,,,,3214,,16724,1946,16724,1946,,,,,,0,,0
"2020-03-27","VA","A",14,,1,,65,65,,6,,,6733,1004,,,,,,604,,144,0,,,,,2967,,14778,1404,14778,1404,,,,,,0,,0
"2020-03-26","VA","A",13,,4,,59,59,,14,,,5729,750,,,,,,460,,69,0,,,,,2777,,13374,1097,13374,1097,,,,,,0,,0
"2020-03-25","VA","A",9,,2,,45,45,,7,,,4979,799,,,,,,391,,101,0,,,,,2630,,12277,1074,12277,1074,,,,,,0,,0
"2020-03-24","VA","A",7,,1,,38,38,,6,,,4180,737,,,,,,290,,36,0,,,,,2494,,11203,810,11203,810,,,,,,0,,0
"2020-03-23","VA","A",6,,3,,32,32,,7,,,3443,325,,,,,,254,,35,0,,,,,2405,,10393,498,10393,498,,,,,,0,,0
"2020-03-22","VA",,3,,1,,25,25,,5,,,3118,480,,,,,,219,,67,0,,,,,2375,,9895,907,9895,907,,,,,,0,,0
"2020-03-21","VA",,2,,0,,20,20,,1,,,2638,427,,,,,,152,,38,0,,,,,2302,,8988,595,8988,595,,,,,,0,,0
"2020-03-20","VA",,2,,0,,19,19,,19,,,2211,382,,,,,,114,,20,0,,,,,2253,,8393,593,8393,593,,,,,,0,,0
"2020-03-19","VA",,2,,1,,,,,0,,,1829,628,,,,,,94,,17,0,,,,,2161,,7800,424,7800,424,,,,,,0,,0
"2020-03-18","VA",,1,,0,,,,,0,,,1201,240,,,,,,77,,10,0,,,,,2142,,7376,224,7376,224,,,,,,0,,0
"2020-03-17","VA",,1,,0,,,,,0,,,961,523,,,,,,67,,16,0,,,,,2119,,7152,325,7152,325,,,,,,0,,0
"2020-03-16","VA",,1,,0,,,,,0,,,438,75,,,,,,51,,6,0,,,,,2107,,6827,88,6827,88,,,,,,0,,0
"2020-03-15","VA",,1,,1,,,,,0,,,363,246,,,,,,45,,15,0,,,,,2100,,6739,59,6739,59,,,,,,0,,0
"2020-03-14","VA",,,,0,,,,,0,,,117,0,,,,,,30,,0,0,,,,,2098,,6680,79,6680,79,,,,,,0,,0
"2020-03-13","VA",,,,0,,,,,0,,,117,0,,,,,,30,,13,0,,,,,2095,,6601,85,6601,85,,,,,,0,,0
"2020-03-12","VA",,,,0,,,,,0,,,117,57,,,,,,17,,8,0,,,,,2094,,6516,32,6516,32,,,,,,0,,0
"2020-03-11","VA",,,,0,,,,,0,,,60,7,,,,,,9,,1,0,,,,,2092,,6484,11,6484,11,,,,,,0,,0
"2020-03-10","VA",,,,0,,,,,0,,,53,15,,,,,,8,,5,0,,,,,2092,,6473,10,6473,10,,,,,,0,,0
"2020-03-09","VA",,,,0,,,,,0,,,38,2,,,,,,3,,1,0,,,,,2092,,6463,1,6463,1,,,,,,0,,0
"2020-03-08","VA",,,,0,,,,,0,,,36,5,,,,,,2,,2,0,,,,,2092,,6462,5,6462,5,,,,,,0,,0
"2020-03-07","VA",,,,0,,,,,0,,,31,10,,,,,,0,,0,0,,,,,2092,,6457,2,6457,2,,,,,,0,,0
"2020-03-06","VA",,,,0,,,,,0,,,21,3,,,,,,0,,0,0,,,,,2091,,6455,2,6455,2,,,,,,0,,0
"2020-03-05","VA",,,,0,,,,,0,,,18,18,,,,,,0,,0,0,,,,,2091,,6453,1,6453,1,,,,,,0,,0
"2020-03-04","VA",,,,0,,,,,0,,,,0,,,,,,,,0,0,,,,,2090,,6452,1,6452,1,,,,,,0,,0
"2020-03-03","VA",,,,0,,,,,0,,,,0,,,,,,,,0,0,,,,,2090,,6451,1,6451,1,,,,,,0,,0
"2020-03-02","VA",,,,0,,,,,0,,,,0,,,,,,,,0,0,,,,,2090,,6450,1,6450,1,,,,,,0,,0
"2020-03-01","VA",,,,0,,,,,0,,,,0,,,,,,,,0,0,,,,,2090,,6449,2,6449,2,,,,,,0,,0
"2020-02-29","VA",,,,0,,,,,0,,,,0,,,,,,,,0,0,,,,,2090,,6447,2,6447,2,,,,,,0,,0
"2020-02-28","VA",,,,0,,,,,0,,,,0,,,,,,,,0,0,,,,,2090,,6445,0,6445,0,,,,,,0,,0
"2020-02-27","VA",,,,0,,,,,0,,,,0,,,,,,,,0,0,,,,,,,6445,6445,6445,0,,,,,,0,,0