Geography_code,Geography_name,Denominator,Arab,Asian,Asian Other,Bangladeshi,Black,Black African,Black Caribbean,Black Other,Chinese,Indian,Mixed,Mixed Other,Mixed White and Asian,Mixed White and Black African,Mixed White and Black Caribbean,Other,Other ethnic group,Pakistani,White,White British,White Gypsy or Irish Traveller,White Irish,White Other,Non_White
E06000001,Hartlepool,92028,0.06,1.42,0.33,0.23,0.18,0.14,0.04,0.01,0.25,0.29,0.6,0.16,0.19,0.06,0.2,0.11,0.05,0.32,97.69,96.63,0.04,0.21,0.81,2.31
E06000002,Middlesbrough,138412,0.69,7.78,0.96,0.18,1.25,1.06,0.07,0.12,0.65,1.07,1.71,0.34,0.65,0.33,0.39,1.08,0.39,4.92,88.18,86.05,0.06,0.41,1.65,11.82
E06000003,Redcar and Cleveland,135177,0.03,0.64,0.17,0.07,0.09,0.06,0.03,0.01,0.11,0.07,0.63,0.13,0.2,0.08,0.22,0.1,0.07,0.22,98.54,97.6,0.06,0.31,0.57,1.46
E06000004,Stockton-on-Tees,191610,0.12,3.46,0.56,0.07,0.59,0.49,0.04,0.06,0.45,0.78,1.04,0.23,0.43,0.16,0.22,0.29,0.16,1.6,94.62,93.4,0.07,0.28,0.86,5.38
E06000005,Darlington,105564,0.11,2.09,0.44,0.5,0.34,0.2,0.1,0.04,0.33,0.69,1.09,0.22,0.33,0.09,0.44,0.25,0.14,0.14,96.24,93.69,0.33,0.31,1.91,3.76
E06000006,Halton,125746,0.04,0.75,0.2,0.05,0.21,0.08,0.11,0.02,0.24,0.22,1.08,0.24,0.26,0.2,0.37,0.12,0.07,0.03,97.85,96.39,0.03,0.52,0.9,2.15
E06000007,Warrington,202228,0.12,2.43,0.46,0.08,0.34,0.19,0.11,0.04,0.42,0.89,1.06,0.23,0.33,0.18,0.32,0.24,0.12,0.58,95.93,92.95,0.03,0.67,2.28,4.07
E06000008,Blackburn with Darwen,147489,0.4,28.13,1.12,1.03,0.63,0.42,0.14,0.08,0.49,13.42,1.24,0.24,0.67,0.11,0.21,0.83,0.44,12.07,69.16,66.54,0.11,0.54,1.97,30.84
E06000009,Blackpool,142065,0.12,1.61,0.48,0.16,0.24,0.13,0.08,0.04,0.36,0.44,1.23,0.25,0.32,0.19,0.49,0.24,0.12,0.16,96.67,93.65,0.17,0.72,2.13,3.33
E06000010,"Kingston upon Hull, City of",256406,0.44,2.52,0.63,0.29,1.17,0.96,0.09,0.11,0.83,0.42,1.35,0.32,0.37,0.32,0.34,0.84,0.4,0.34,94.12,89.67,0.11,0.21,4.12,5.88
E06000011,East Riding of Yorkshire,334179,0.09,0.89,0.23,0.02,0.18,0.11,0.05,0.02,0.2,0.32,0.69,0.14,0.23,0.11,0.2,0.16,0.07,0.12,98.09,96.15,0.07,0.27,1.6,1.91
E06000012,North East Lincolnshire,159616,0.17,1.33,0.34,0.17,0.26,0.19,0.04,0.02,0.38,0.32,0.74,0.17,0.23,0.1,0.24,0.29,0.13,0.12,97.37,95.38,0.02,0.26,1.72,2.63
E06000013,North Lincolnshire,167446,0.1,2.72,0.35,0.86,0.3,0.22,0.04,0.04,0.32,0.67,0.74,0.17,0.27,0.1,0.2,0.25,0.14,0.51,96,92.28,0.05,0.43,3.23,4
E06000014,York,198051,0.25,3.4,1,0.19,0.6,0.46,0.1,0.04,1.24,0.77,1.22,0.36,0.44,0.15,0.27,0.49,0.24,0.21,94.28,90.19,0.14,0.56,3.41,5.72
E06000015,Derby,248752,0.35,12.5,1.45,0.26,2.94,1.27,1.37,0.31,0.52,4.38,2.91,0.41,0.71,0.21,1.57,1.35,1,5.88,80.3,75.33,0.12,0.93,3.92,19.7
E06000016,Leicester,329839,1,37.13,4,1.1,6.24,3.78,1.45,1.01,1.29,28.3,3.51,0.71,1.03,0.35,1.42,2.6,1.59,2.45,50.52,45.06,0.13,0.77,4.57,49.48
E06000017,Rutland,37369,0.01,0.98,0.22,0.02,0.67,0.31,0.29,0.07,0.33,0.3,1.04,0.27,0.38,0.06,0.33,0.17,0.16,0.1,97.14,94.31,0.16,0.58,2.1,2.86
E06000018,Nottingham,305680,0.78,13.1,2.07,0.34,7.26,3.23,3.07,0.96,1.96,3.24,6.63,0.91,1.08,0.66,3.98,1.47,0.69,5.49,71.54,65.42,0.11,0.92,5.09,28.46
E06000019,"Herefordshire, County of",183477,0.06,0.78,0.31,0.02,0.18,0.09,0.06,0.04,0.15,0.27,0.69,0.16,0.23,0.08,0.22,0.15,0.09,0.04,98.2,93.7,0.2,0.39,3.91,1.8
E06000020,Telford and Wrekin,166641,0.05,4.2,0.52,0.1,1.07,0.61,0.36,0.09,0.39,1.85,1.79,0.29,0.48,0.17,0.85,0.28,0.23,1.35,92.66,89.47,0.1,0.44,2.65,7.34
E06000021,Stoke-on-Trent,249008,0.16,7.41,1.35,0.44,1.5,1.02,0.33,0.15,0.49,0.94,1.8,0.28,0.54,0.22,0.76,0.65,0.49,4.19,88.64,86.43,0.07,0.26,1.88,11.36
E06000022,Bath and North East Somerset,176016,0.21,2.6,0.66,0.12,0.75,0.28,0.38,0.09,1.09,0.63,1.65,0.4,0.54,0.17,0.54,0.42,0.21,0.1,94.58,90.13,0.03,0.65,3.77,5.42
E06000023,"Bristol, City of",428234,0.3,5.52,0.99,0.49,6.01,2.82,1.57,1.62,0.91,1.53,3.61,0.73,0.79,0.36,1.73,0.89,0.59,1.6,83.97,77.86,0.08,0.9,5.13,16.03
E06000024,North Somerset,202566,0.06,1.2,0.29,0.15,0.31,0.19,0.09,0.03,0.31,0.4,1,0.2,0.34,0.13,0.34,0.19,0.13,0.05,97.29,94.07,0.09,0.55,2.58,2.71
E06000025,South Gloucestershire,262767,0.14,2.45,0.57,0.09,0.84,0.38,0.37,0.1,0.5,1.03,1.4,0.28,0.39,0.15,0.58,0.33,0.19,0.27,94.98,91.95,0.1,0.47,2.46,5.02
E06000026,Plymouth,256384,0.16,1.52,0.48,0.14,0.65,0.43,0.13,0.09,0.49,0.34,1.28,0.32,0.4,0.2,0.35,0.39,0.24,0.08,96.15,92.93,0.06,0.43,2.73,3.85
E06000027,Torbay,130959,0.08,1.03,0.39,0.08,0.19,0.11,0.06,0.03,0.2,0.31,1.08,0.26,0.34,0.15,0.34,0.18,0.1,0.06,97.51,94.81,0.03,0.5,2.17,2.49
E06000028,Bournemouth,183491,0.38,3.85,1.45,0.22,0.96,0.66,0.21,0.1,1,1.06,2.28,0.63,0.76,0.33,0.57,0.91,0.53,0.12,91.99,83.79,0.12,0.74,7.34,8.01
E06000029,Poole,147645,0.09,2.22,0.68,0.26,0.35,0.22,0.08,0.05,0.47,0.74,1.3,0.34,0.46,0.17,0.33,0.28,0.19,0.07,95.85,91.91,0.14,0.51,3.29,4.15
E06000030,Swindon,209156,0.09,6.39,1.57,0.45,1.37,0.82,0.39,0.16,0.46,3.3,2.02,0.47,0.56,0.27,0.72,0.39,0.3,0.62,89.84,84.64,0.09,0.89,4.23,10.16
E06000031,Peterborough,183631,0.23,11.7,2,0.12,2.27,1.35,0.64,0.28,0.47,2.52,2.69,0.65,0.75,0.45,0.84,0.81,0.57,6.58,82.53,70.92,0.3,0.68,10.62,17.47
E06000032,Luton,203201,0.81,30,2.89,6.7,9.8,4.51,4.02,1.26,0.74,5.23,4.08,0.85,0.89,0.45,1.89,1.47,0.66,14.45,54.66,44.55,0.1,3.01,7,45.34
E06000033,Southend-on-Sea,173658,0.17,3.71,0.89,0.54,2.1,1.57,0.3,0.23,0.62,1.04,2.1,0.51,0.56,0.43,0.6,0.52,0.35,0.61,91.57,87.03,0.09,0.86,3.59,8.43
E06000034,Thurrock,157705,0.16,3.76,1.05,0.43,7.81,6.18,0.85,0.79,0.53,1.42,1.97,0.44,0.43,0.42,0.67,0.59,0.43,0.34,85.87,80.9,0.2,0.7,4.07,14.13
E06000035,Medway,263925,0.2,5.16,0.98,0.49,2.52,1.8,0.54,0.19,0.4,2.7,1.96,0.44,0.59,0.28,0.66,0.72,0.52,0.57,89.64,85.5,0.19,0.74,3.21,10.36
E06000036,Bracknell Forest,113205,0.18,5,2.18,0.12,1.93,1.4,0.36,0.18,0.49,1.76,2.03,0.48,0.71,0.26,0.58,0.44,0.26,0.46,90.59,84.87,0.1,0.87,4.75,9.41
E06000037,West Berkshire,153822,0.09,2.48,0.5,0.15,0.89,0.46,0.33,0.1,0.43,1.09,1.57,0.36,0.54,0.17,0.5,0.24,0.15,0.31,94.82,90.39,0.11,0.83,3.49,5.18
E06000038,Reading,155698,0.44,13.59,3.46,0.45,6.72,3.91,2.11,0.71,1.03,4.18,3.97,0.79,0.92,0.52,1.75,0.96,0.53,4.47,74.75,65.33,0.06,1.46,7.9,25.25
E06000039,Slough,140205,0.66,39.73,5.39,0.39,8.64,5.38,2.21,1.05,0.57,15.64,3.39,0.75,1.02,0.43,1.19,2.55,1.89,17.74,45.69,34.52,0.16,1.15,9.86,54.31
E06000040,Windsor and Maidenhead,144560,0.26,9.58,1.58,0.27,1.19,0.72,0.33,0.15,0.74,4.05,2.29,0.61,0.97,0.25,0.47,0.81,0.55,2.93,86.13,77.53,0.15,1.42,7.02,13.87
E06000041,Wokingham,154380,0.32,7.41,1.18,0.14,1.36,0.78,0.46,0.12,0.78,3.45,2.06,0.44,0.82,0.22,0.58,0.74,0.42,1.86,88.43,83.64,0.19,0.89,3.72,11.57
E06000042,Milton Keynes,248821,0.23,9.16,2.46,0.8,6.88,5.25,1.01,0.62,1.09,3.26,3.31,0.87,0.9,0.64,0.9,0.63,0.41,1.55,80.01,73.92,0.03,1,5.06,19.99
E06000043,Brighton and Hove,273369,0.8,4.13,1.2,0.5,1.53,1.06,0.32,0.15,1.1,1.1,3.81,1.04,1.23,0.74,0.8,1.46,0.66,0.24,89.08,80.48,0.07,1.38,7.14,10.92
E06000044,Portsmouth,205056,0.53,6.08,1.35,1.78,1.84,1.44,0.26,0.14,1.27,1.42,2.67,0.51,1.16,0.46,0.54,1.05,0.53,0.26,88.36,84.03,0.04,0.52,3.76,11.64
E06000045,Southampton,236882,0.55,8.4,2.23,0.59,2.14,1.48,0.48,0.18,1.46,2.85,2.4,0.53,0.76,0.4,0.71,1.15,0.59,1.27,85.92,77.67,0.14,0.74,7.37,14.08
E06000046,Isle of Wight,138265,0.04,1.09,0.47,0.09,0.22,0.1,0.08,0.03,0.16,0.31,1.24,0.25,0.53,0.09,0.37,0.14,0.1,0.06,97.31,94.82,0.07,0.54,1.88,2.69
E06000047,County Durham,513242,0.09,0.95,0.23,0.05,0.14,0.09,0.03,0.02,0.31,0.27,0.6,0.14,0.21,0.06,0.19,0.16,0.07,0.09,98.15,96.58,0.09,0.24,1.25,1.85
E06000049,Cheshire East,370127,0.09,1.64,0.39,0.14,0.38,0.18,0.14,0.06,0.3,0.58,1.05,0.21,0.35,0.12,0.36,0.23,0.14,0.23,96.71,93.55,0.08,0.61,2.46,3.29
E06000050,Cheshire West and Chester,329608,0.06,1.24,0.31,0.17,0.28,0.18,0.06,0.04,0.28,0.38,0.93,0.21,0.32,0.12,0.27,0.16,0.1,0.1,97.4,94.66,0.06,0.71,1.96,2.6
E06000051,Shropshire,306129,0.06,1.01,0.29,0.07,0.19,0.1,0.05,0.04,0.33,0.25,0.71,0.16,0.22,0.08,0.25,0.14,0.08,0.07,97.96,95.4,0.1,0.46,1.99,2.04
E06000052,Cornwall,532273,0.04,0.65,0.23,0.05,0.14,0.05,0.07,0.02,0.19,0.16,0.83,0.21,0.29,0.09,0.23,0.16,0.12,0.02,98.23,95.75,0.12,0.38,1.98,1.77
E06000053,Isles of Scilly,2203,0,0.09,0.09,0,0.09,0.05,0.05,0,0,0,0.82,0.14,0.41,0.14,0.14,0.18,0.18,0,98.82,94.73,0,0.45,3.63,1.18
E06000054,Wiltshire,470981,0.06,1.31,0.55,0.13,0.69,0.3,0.24,0.14,0.26,0.33,1.18,0.27,0.35,0.14,0.42,0.22,0.16,0.05,96.6,93.36,0.16,0.51,2.57,3.4
E06000055,Bedford,157479,0.21,11.39,1.53,2.05,3.94,1.74,1.81,0.39,0.57,5.16,3.42,0.66,0.87,0.37,1.52,0.71,0.5,2.08,80.55,71.49,0.07,1.07,7.91,19.45
E06000056,Central Bedfordshire,254381,0.14,2.52,0.71,0.08,1.42,0.81,0.48,0.13,0.55,1,1.88,0.4,0.58,0.21,0.7,0.34,0.2,0.17,93.84,89.65,0.19,1.24,2.77,6.16
E06000057,Northumberland,316028,0.02,0.84,0.2,0.09,0.11,0.06,0.04,0.01,0.14,0.3,0.54,0.1,0.2,0.07,0.16,0.09,0.06,0.11,98.43,97.17,0.05,0.26,0.94,1.57
E07000004,Aylesbury Vale,174137,0.19,5.8,1.14,0.12,1.91,0.96,0.75,0.2,0.37,1.08,2.22,0.46,0.62,0.26,0.87,0.44,0.25,3.11,89.63,85.2,0.08,0.9,3.45,10.37
E07000005,Chiltern,92635,0.06,5.45,0.99,0.13,0.57,0.28,0.23,0.06,0.48,1.94,2.2,0.51,1.08,0.21,0.41,0.3,0.24,1.91,91.49,85.91,0.13,1.21,4.24,8.51
E07000006,South Bucks,66867,0.26,11.27,1.66,0.26,1.06,0.53,0.42,0.12,0.79,7.12,2.4,0.53,1.08,0.18,0.62,0.98,0.72,1.44,84.29,77.08,0.38,1.69,5.14,15.71
E07000007,Wycombe,171644,0.16,11.99,1.75,0.35,3.46,1.02,1.97,0.47,0.55,1.71,2.83,0.54,0.77,0.19,1.32,0.47,0.3,7.63,81.26,75.92,0.06,0.9,4.37,18.74
E07000008,Cambridge,123867,0.73,10.99,2.55,1.49,1.69,1.05,0.48,0.16,3.6,2.76,3.18,1.01,1.21,0.38,0.59,1.62,0.88,0.6,82.51,65.99,0.09,1.43,15.01,17.49
E07000009,East Cambridgeshire,83818,0.08,1.45,0.51,0.1,0.6,0.34,0.11,0.15,0.35,0.38,1.41,0.47,0.44,0.22,0.27,0.29,0.21,0.12,96.25,89.74,0.29,0.63,5.59,3.75
E07000010,Fenland,95262,0.01,1.13,0.38,0.07,0.52,0.23,0.2,0.1,0.23,0.39,0.95,0.25,0.28,0.11,0.31,0.17,0.15,0.07,97.24,90.44,0.49,0.41,5.9,2.76
E07000011,Huntingdonshire,169508,0.08,2.47,0.68,0.21,0.97,0.51,0.25,0.21,0.34,0.66,1.49,0.41,0.45,0.21,0.42,0.27,0.19,0.59,94.8,89.49,0.12,0.67,4.52,5.2
E07000012,South Cambridgeshire,148755,0.17,3.72,0.98,0.15,0.85,0.51,0.23,0.11,0.8,1.49,1.7,0.48,0.67,0.18,0.37,0.43,0.26,0.31,93.3,87.27,0.33,0.74,4.97,6.7
E07000026,Allerdale,96422,0,0.49,0.15,0.09,0.08,0.04,0.02,0.01,0.13,0.08,0.44,0.08,0.19,0.04,0.14,0.06,0.06,0.04,98.92,97.58,0.01,0.25,1.08,1.08
E07000027,Barrow-in-Furness,69087,0.05,0.92,0.32,0.06,0.1,0.08,0.01,0.01,0.26,0.2,0.52,0.13,0.16,0.07,0.17,0.12,0.07,0.07,98.34,97.08,0.06,0.32,0.88,1.66
E07000028,Carlisle,107524,0.05,1.16,0.32,0.17,0.14,0.1,0.02,0.02,0.31,0.25,0.5,0.12,0.15,0.08,0.14,0.11,0.06,0.1,98.1,95.04,0.18,0.38,2.5,1.9
E07000029,Copeland,70603,0.02,0.89,0.25,0.1,0.12,0.07,0.03,0.02,0.23,0.19,0.48,0.11,0.15,0.05,0.17,0.08,0.07,0.11,98.42,97.27,0.02,0.27,0.86,1.58
E07000030,Eden,52564,0.03,0.56,0.15,0.09,0.04,0.02,0.01,0.01,0.15,0.15,0.4,0.09,0.17,0.02,0.13,0.08,0.04,0.01,98.93,97.04,0.03,0.26,1.59,1.07
E07000031,South Lakeland,103658,0.03,0.76,0.23,0.05,0.18,0.1,0.06,0.01,0.26,0.18,0.61,0.14,0.22,0.09,0.16,0.09,0.06,0.04,98.36,95.59,0.03,0.34,2.39,1.64
E07000032,Amber Valley,122309,0.02,0.76,0.18,0.01,0.21,0.1,0.09,0.02,0.16,0.34,0.8,0.14,0.23,0.08,0.36,0.1,0.08,0.07,98.13,96.47,0.04,0.35,1.28,1.87
E07000033,Bolsover,75866,0,0.81,0.23,0.01,0.35,0.23,0.07,0.05,0.22,0.27,0.68,0.09,0.18,0.08,0.33,0.02,0.02,0.07,98.14,96.3,0.09,0.26,1.49,1.86
E07000034,Chesterfield,103788,0.06,1.53,0.25,0.14,0.75,0.42,0.26,0.08,0.35,0.47,1.05,0.17,0.28,0.09,0.51,0.14,0.08,0.32,96.52,94.86,0,0.37,1.28,3.48
E07000035,Derbyshire Dales,71116,0.01,0.56,0.17,0.01,0.12,0.05,0.05,0.03,0.13,0.14,0.66,0.15,0.24,0.08,0.18,0.07,0.05,0.12,98.6,96.79,0.02,0.45,1.33,1.4
E07000036,Erewash,112081,0.03,1.23,0.2,0.02,0.48,0.11,0.3,0.07,0.24,0.69,1.13,0.17,0.25,0.06,0.65,0.11,0.08,0.08,97.04,95.17,0.03,0.51,1.33,2.96
E07000037,High Peak,90892,0.04,0.78,0.27,0.01,0.2,0.1,0.09,0.02,0.25,0.16,1.04,0.22,0.31,0.12,0.38,0.11,0.07,0.09,97.87,95.86,0.01,0.66,1.34,2.13
E07000038,North East Derbyshire,99023,0.04,0.8,0.15,0.03,0.24,0.16,0.07,0.02,0.19,0.35,0.79,0.12,0.25,0.1,0.32,0.12,0.08,0.08,98.04,96.91,0.07,0.27,0.79,1.96
E07000039,South Derbyshire,94611,0.05,2.51,0.34,0,0.45,0.18,0.22,0.05,0.23,1.74,1.12,0.2,0.39,0.08,0.45,0.23,0.19,0.19,95.68,93.99,0.08,0.41,1.21,4.32
E07000040,East Devon,132457,0.03,0.7,0.32,0.05,0.11,0.05,0.05,0.01,0.16,0.17,0.68,0.17,0.27,0.07,0.18,0.1,0.07,0,98.41,96.21,0.07,0.45,1.68,1.59
E07000041,Exeter,117773,0.56,3.9,1.07,0.19,0.57,0.42,0.11,0.04,1.7,0.8,1.65,0.41,0.66,0.24,0.34,0.83,0.28,0.14,93.05,88.32,0.08,0.53,4.12,6.95
E07000042,Mid Devon,77750,0.01,0.55,0.15,0.02,0.12,0.08,0.02,0.02,0.21,0.15,0.62,0.15,0.22,0.09,0.17,0.06,0.06,0.01,98.64,95.89,0.11,0.36,2.28,1.36
E07000043,North Devon,93667,0.07,0.89,0.34,0.08,0.17,0.07,0.07,0.03,0.16,0.23,0.84,0.14,0.31,0.08,0.31,0.16,0.09,0.07,97.94,95.91,0.05,0.34,1.65,2.06
E07000044,South Hams,83140,0.08,0.55,0.2,0.08,0.15,0.09,0.04,0.01,0.12,0.14,0.79,0.18,0.32,0.09,0.19,0.15,0.06,0.01,98.37,95.84,0.05,0.45,2.03,1.63
E07000045,Teignbridge,124220,0.02,0.72,0.23,0.06,0.09,0.04,0.04,0.01,0.28,0.13,0.74,0.21,0.26,0.07,0.21,0.1,0.08,0.01,98.34,96.18,0.09,0.4,1.66,1.66
E07000046,Torridge,63839,0.05,0.42,0.13,0.03,0.08,0.02,0.05,0.01,0.2,0.06,0.67,0.17,0.2,0.08,0.22,0.1,0.06,0,98.72,97.1,0.08,0.33,1.21,1.28
E07000047,West Devon,53553,0.05,0.56,0.24,0.03,0.11,0.05,0.04,0.02,0.17,0.11,0.75,0.17,0.24,0.1,0.24,0.12,0.07,0.01,98.46,96.36,0.04,0.44,1.63,1.54
E07000048,Christchurch,47752,0.03,1.04,0.36,0.09,0.17,0.1,0.06,0.01,0.37,0.2,1.06,0.27,0.41,0.14,0.23,0.16,0.13,0.01,97.57,95.1,0.1,0.63,1.74,2.43
E07000049,East Dorset,87166,0.03,0.85,0.2,0.23,0.12,0.07,0.03,0.02,0.19,0.18,0.68,0.15,0.26,0.08,0.19,0.1,0.07,0.05,98.26,96.23,0.2,0.43,1.41,1.74
E07000050,North Dorset,68583,0.02,1.16,0.69,0.11,0.29,0.16,0.09,0.03,0.19,0.16,0.8,0.18,0.31,0.11,0.2,0.09,0.07,0.02,97.66,94.68,0.14,0.41,2.43,2.34
E07000051,Purbeck,44973,0.01,0.51,0.23,0.06,0.11,0.08,0.01,0.02,0.12,0.07,0.72,0.16,0.25,0.1,0.21,0.06,0.05,0.03,98.59,96.18,0.2,0.51,1.71,1.41
E07000052,West Dorset,99264,0.04,0.94,0.31,0.09,0.17,0.11,0.04,0.02,0.24,0.24,0.78,0.2,0.28,0.1,0.2,0.11,0.07,0.06,98.01,95.72,0.1,0.5,1.68,1.99
E07000053,Weymouth and Portland,65167,0.02,0.98,0.39,0.14,0.49,0.23,0.19,0.07,0.27,0.15,1,0.23,0.28,0.11,0.38,0.11,0.09,0.03,97.41,94.93,0.07,0.46,1.95,2.59
E07000061,Eastbourne,99412,0.23,2.81,1.12,0.29,0.79,0.52,0.16,0.11,0.62,0.67,1.8,0.49,0.58,0.3,0.44,0.54,0.31,0.11,94.06,87.42,0.07,0.98,5.59,5.94
E07000062,Hastings,90254,0.18,2.36,1.02,0.31,1.18,0.71,0.34,0.14,0.41,0.54,2.16,0.54,0.65,0.31,0.66,0.54,0.36,0.09,93.77,89.33,0.17,0.78,3.5,6.23
E07000063,Lewes,97502,0.1,1.44,0.52,0.16,0.43,0.25,0.13,0.05,0.32,0.37,1.31,0.34,0.47,0.16,0.33,0.26,0.16,0.07,96.57,92.53,0.1,0.78,3.17,3.43
E07000064,Rother,90588,0.08,1.22,0.54,0.12,0.34,0.2,0.08,0.05,0.24,0.3,1.14,0.28,0.45,0.12,0.29,0.22,0.14,0.02,97.09,94.14,0.15,0.66,2.14,2.91
E07000065,Wealden,148915,0.05,1.15,0.39,0.15,0.23,0.14,0.07,0.01,0.28,0.31,0.96,0.24,0.38,0.12,0.22,0.17,0.12,0.03,97.49,93.84,0.25,0.63,2.77,2.51
E07000066,Basildon,174497,0.06,2.73,0.77,0.18,2.68,1.91,0.53,0.24,0.33,1.2,1.65,0.36,0.38,0.26,0.65,0.28,0.21,0.25,92.65,89.52,0.5,0.75,1.88,7.35
E07000067,Braintree,147084,0.04,1.36,0.49,0.13,0.62,0.37,0.19,0.06,0.23,0.42,1.25,0.32,0.41,0.15,0.38,0.17,0.13,0.08,96.6,93.15,0.09,0.71,2.65,3.4
E07000068,Brentwood,73601,0.14,3.19,1.02,0.23,1.22,0.74,0.31,0.17,0.51,1.28,1.62,0.37,0.6,0.19,0.47,0.4,0.25,0.15,93.57,89.25,0.16,1.25,2.9,6.43
E07000069,Castle Point,88011,0.04,1.15,0.3,0.1,0.75,0.37,0.23,0.15,0.25,0.43,1.04,0.22,0.3,0.12,0.39,0.17,0.14,0.08,96.89,95.38,0.02,0.6,0.89,3.11
E07000070,Chelmsford,168310,0.19,2.95,0.65,0.28,1.22,0.84,0.25,0.12,0.49,1.14,1.57,0.36,0.5,0.2,0.51,0.4,0.21,0.4,93.86,90.3,0.13,0.86,2.57,6.14
E07000071,Colchester,173074,0.57,3.67,1.44,0.22,1.49,1.04,0.31,0.14,0.98,0.82,1.82,0.5,0.54,0.27,0.51,0.97,0.41,0.21,92.05,87.51,0.05,0.67,3.82,7.95
E07000072,Epping Forest,124659,0.12,4.75,0.87,0.21,1.93,0.95,0.77,0.21,0.48,2.44,2.12,0.56,0.65,0.21,0.71,0.65,0.53,0.75,90.54,85.22,0.14,1.14,4.04,9.46
E07000073,Harlow,81944,0.18,4.56,1,0.48,3.77,2.75,0.66,0.36,1.01,1.29,2.14,0.49,0.47,0.38,0.8,0.45,0.27,0.77,89.08,83.86,0.14,1.07,4.02,10.92
E07000074,Maldon,61629,0.01,0.79,0.27,0.15,0.24,0.1,0.1,0.05,0.17,0.19,0.82,0.2,0.28,0.09,0.25,0.1,0.08,0.01,98.05,95.75,0.33,0.58,1.39,1.95
E07000075,Rochford,83287,0.05,1.06,0.32,0.1,0.52,0.28,0.11,0.12,0.27,0.31,1.09,0.21,0.37,0.15,0.36,0.16,0.11,0.05,97.18,95.61,0.06,0.56,0.95,2.82
E07000076,Tendring,138048,0.03,0.92,0.32,0.08,0.31,0.17,0.1,0.04,0.27,0.23,1.06,0.24,0.27,0.13,0.43,0.15,0.11,0.02,97.55,95.38,0.04,0.72,1.41,2.45
E07000077,Uttlesford,79443,0.05,1.41,0.52,0.23,0.52,0.25,0.2,0.08,0.25,0.36,1.23,0.28,0.48,0.17,0.3,0.21,0.16,0.05,96.62,92.3,0.15,0.78,3.39,3.38
E07000078,Cheltenham,115732,0.15,3.18,0.72,0.27,0.62,0.46,0.11,0.06,0.66,1.37,1.62,0.4,0.57,0.22,0.43,0.32,0.17,0.15,94.26,88.26,0.06,0.91,5.03,5.74
E07000079,Cotswold,82881,0,0.96,0.36,0.05,0.28,0.16,0.06,0.06,0.27,0.26,0.84,0.21,0.33,0.1,0.2,0.1,0.1,0.02,97.82,94.45,0.1,0.61,2.66,2.18
E07000080,Forest of Dean,81961,0.01,0.58,0.19,0,0.24,0.12,0.07,0.05,0.16,0.19,0.64,0.12,0.22,0.1,0.21,0.08,0.07,0.03,98.46,96.66,0.1,0.34,1.36,1.54
E07000081,Gloucester,121688,0.1,4.8,0.87,0.4,2.86,0.9,1.54,0.42,0.37,2.63,2.93,0.46,0.45,0.26,1.76,0.28,0.18,0.53,89.13,84.57,0.11,0.7,3.75,10.87
E07000082,Stroud,112779,0.03,0.67,0.27,0.05,0.23,0.09,0.11,0.03,0.17,0.16,1.08,0.26,0.38,0.11,0.32,0.11,0.08,0.02,97.91,94.9,0.05,0.52,2.44,2.09
E07000083,Tewkesbury,81943,0.04,1.1,0.29,0.08,0.31,0.16,0.1,0.05,0.19,0.47,0.95,0.21,0.31,0.07,0.36,0.13,0.1,0.07,97.51,93.98,0.37,0.59,2.57,2.49
E07000084,Basingstoke and Deane,167799,0.08,4,1.39,0.2,1.14,0.75,0.28,0.11,0.73,1.45,1.68,0.35,0.51,0.19,0.62,0.28,0.2,0.23,92.9,88.25,0.1,0.79,3.77,7.1
E07000085,East Hampshire,115608,0.12,1.61,0.75,0.14,0.45,0.34,0.07,0.03,0.27,0.42,1.13,0.28,0.44,0.13,0.27,0.25,0.13,0.03,96.56,93.05,0.23,0.57,2.72,3.44
E07000086,Eastleigh,125199,0.16,2.99,0.56,0.23,0.48,0.34,0.1,0.04,0.5,1.56,1.39,0.35,0.52,0.2,0.31,0.46,0.3,0.13,94.68,91.75,0.15,0.48,2.29,5.32
E07000087,Fareham,111581,0.09,1.49,0.3,0.11,0.32,0.19,0.1,0.03,0.42,0.59,1.22,0.22,0.59,0.13,0.27,0.21,0.12,0.07,96.75,94.7,0.08,0.43,1.56,3.25
E07000088,Gosport,82622,0.06,1.3,0.3,0.18,0.72,0.39,0.22,0.11,0.26,0.52,1.29,0.27,0.52,0.17,0.33,0.25,0.19,0.04,96.45,94.41,0.04,0.38,1.62,3.55
E07000089,Hart,91033,0.11,2.69,0.94,0.15,0.56,0.29,0.2,0.07,0.48,0.97,1.6,0.34,0.75,0.17,0.34,0.29,0.18,0.15,94.86,90.66,0.3,0.71,3.19,5.14
E07000090,Havant,120684,0.06,1.18,0.32,0.13,0.32,0.21,0.05,0.07,0.26,0.42,1.25,0.25,0.49,0.18,0.33,0.16,0.1,0.06,97.08,95.22,0.05,0.44,1.36,2.92
E07000091,New Forest,176462,0.04,0.94,0.35,0.11,0.35,0.19,0.08,0.08,0.19,0.27,0.92,0.22,0.34,0.11,0.25,0.23,0.19,0.02,97.56,94.89,0.24,0.47,1.96,2.44
E07000092,Rushmoor,93807,0.14,10.4,7.58,0.22,1.99,1.19,0.57,0.23,0.53,1.4,2.19,0.48,0.69,0.36,0.67,0.65,0.5,0.68,84.77,80.5,0.17,0.77,3.34,15.23
E07000093,Test Valley,116398,0.12,2.03,0.59,0.14,0.42,0.22,0.13,0.07,0.37,0.8,1.28,0.26,0.49,0.21,0.32,0.35,0.23,0.12,95.92,92.56,0.13,0.46,2.76,4.08
E07000094,Winchester,116595,0.09,2.26,0.78,0.19,0.39,0.21,0.13,0.05,0.64,0.57,1.39,0.38,0.59,0.15,0.28,0.25,0.16,0.08,95.7,91.83,0.23,0.63,3.01,4.3
E07000095,Broxbourne,93609,0.14,2.34,0.81,0.17,4.23,2.4,1.4,0.43,0.35,0.85,2.29,0.65,0.53,0.26,0.84,0.85,0.7,0.15,90.3,80.82,0.16,1.4,7.93,9.7
E07000096,Dacorum,144847,0.11,4.67,0.93,0.2,2.06,1.37,0.51,0.19,0.54,1.62,2.12,0.5,0.68,0.27,0.68,0.33,0.21,1.39,90.81,85.98,0.16,1.26,3.42,9.19
E07000098,Hertsmere,100031,0.2,7.39,2.07,0.23,3.93,2.99,0.56,0.38,0.92,3.72,2.62,0.69,0.86,0.38,0.68,1.03,0.83,0.45,85.04,75.73,0.15,2.13,7.03,14.96
E07000099,North Hertfordshire,127114,0.11,5.37,1.28,0.39,1.96,0.68,1.06,0.23,0.64,2.73,2.66,0.53,0.72,0.24,1.17,0.53,0.41,0.33,89.49,84.88,0.03,1.1,3.49,10.51
E07000102,Three Rivers,87317,0.15,9.15,1.61,0.18,1.84,0.99,0.68,0.17,0.68,5.99,2.29,0.61,0.89,0.21,0.59,0.48,0.33,0.69,86.23,79.65,0.09,2,4.49,13.77
E07000103,Watford,90301,0.33,17.91,4.41,0.4,5.79,3.48,1.73,0.59,0.91,5.45,3.44,0.84,1.04,0.46,1.1,0.94,0.62,6.74,71.92,61.88,0.07,2.28,7.69,28.08
E07000105,Ashford,117956,0.07,3.38,1.91,0.16,1.17,0.8,0.28,0.08,0.37,0.81,1.43,0.34,0.43,0.2,0.46,0.33,0.26,0.14,93.7,89.44,0.45,0.64,3.17,6.3
E07000106,Canterbury,151145,0.27,3.4,1.12,0.17,1.28,0.89,0.29,0.11,0.95,0.96,1.69,0.44,0.59,0.2,0.45,0.6,0.33,0.2,93.04,87.51,0.25,0.83,4.44,6.96
E07000107,Dartford,97365,0.18,5.96,2.03,0.44,3.67,2.89,0.51,0.27,0.55,2.74,2.22,0.52,0.71,0.36,0.64,0.78,0.59,0.18,87.37,82.64,0.25,0.79,3.69,12.63
E07000108,Dover,111674,0.06,1.82,1.05,0.14,0.35,0.24,0.08,0.03,0.25,0.36,0.92,0.23,0.32,0.12,0.25,0.23,0.18,0.04,96.68,92.99,0.21,0.51,2.97,3.32
E07000109,Gravesham,101720,0.09,10.42,1.68,0.47,2.84,2.19,0.45,0.2,0.32,7.41,2.03,0.51,0.62,0.35,0.55,1.91,1.81,0.54,82.8,77.1,0.31,0.78,4.61,17.2
E07000110,Maidstone,155143,0.09,3.19,1.63,0.25,0.89,0.56,0.23,0.1,0.3,0.79,1.51,0.36,0.54,0.21,0.4,0.31,0.22,0.22,94.1,89.1,0.54,0.62,3.85,5.9
E07000111,Sevenoaks,114893,0.07,1.81,0.54,0.13,0.74,0.5,0.18,0.07,0.44,0.62,1.46,0.34,0.59,0.15,0.37,0.22,0.15,0.09,95.77,90.99,0.34,0.83,3.61,4.23
E07000112,Folkestone and Hythe,107969,0.06,3.43,2.49,0.21,0.42,0.26,0.12,0.05,0.26,0.38,1.17,0.29,0.39,0.14,0.36,0.31,0.25,0.09,94.67,90.79,0.15,0.69,3.04,5.33
E07000113,Swale,135835,0.03,1.1,0.29,0.15,1.03,0.73,0.2,0.09,0.17,0.4,1.16,0.28,0.32,0.17,0.39,0.16,0.13,0.08,96.55,92.86,0.54,0.57,2.59,3.45
E07000114,Thanet,134186,0.09,1.87,0.71,0.13,0.68,0.44,0.18,0.06,0.34,0.55,1.63,0.4,0.45,0.25,0.54,0.29,0.2,0.14,95.53,90.43,0.14,0.76,4.2,4.47
E07000115,Tonbridge and Malling,120805,0.11,2.01,0.64,0.2,0.35,0.18,0.12,0.05,0.41,0.62,1.39,0.28,0.55,0.16,0.39,0.33,0.23,0.14,95.92,92.43,0.29,0.63,2.57,4.08
E07000116,Tunbridge Wells,115049,0.11,2.52,0.81,0.45,0.55,0.36,0.12,0.07,0.48,0.64,1.65,0.41,0.68,0.19,0.36,0.33,0.22,0.15,94.95,89.63,0.28,0.76,4.28,5.05
E07000117,Burnley,87059,0.06,11,0.79,2.79,0.24,0.09,0.14,0.02,0.25,0.37,1.12,0.21,0.55,0.1,0.26,0.28,0.21,6.8,87.36,85.53,0.01,0.61,1.21,12.64
E07000118,Chorley,107155,0.11,1.6,0.22,0.1,0.37,0.11,0.22,0.04,0.22,0.57,0.95,0.16,0.25,0.1,0.43,0.18,0.08,0.49,96.9,95.09,0.05,0.53,1.23,3.1
E07000119,Fylde,75757,0.09,1.12,0.26,0.03,0.22,0.08,0.07,0.06,0.28,0.39,0.98,0.23,0.31,0.11,0.33,0.22,0.13,0.16,97.47,95.07,0.02,0.64,1.74,2.53
E07000120,Hyndburn,80734,0.11,11.16,0.63,0.5,0.13,0.06,0.06,0.01,0.33,0.35,0.86,0.17,0.42,0.05,0.23,0.18,0.07,9.35,87.67,85.26,0.12,0.54,1.75,12.33
E07000121,Lancaster,138375,0.12,2.7,0.41,0.22,0.45,0.34,0.08,0.03,0.89,0.88,0.98,0.23,0.35,0.13,0.27,0.23,0.11,0.3,95.64,91.51,0.24,0.61,3.29,4.36
E07000122,Pendle,89452,0.06,18.79,0.66,0.43,0.14,0.07,0.06,0.01,0.31,0.26,1.06,0.16,0.67,0.07,0.16,0.15,0.09,17.13,79.86,77.22,0.03,0.52,2.1,20.14
E07000123,Preston,140202,0.45,15.5,0.91,0.27,1.2,0.47,0.62,0.11,0.88,10.29,2.37,0.33,0.66,0.21,1.16,0.75,0.3,3.16,80.18,75.78,0.08,0.84,3.48,19.82
E07000124,Ribble Valley,57132,0.02,1.28,0.16,0.06,0.16,0.11,0.02,0.03,0.19,0.36,0.63,0.12,0.29,0.06,0.16,0.08,0.07,0.52,97.85,95.84,0.01,0.58,1.42,2.15
E07000125,Rossendale,67982,0.05,5,0.29,2.41,0.18,0.07,0.09,0.02,0.34,0.27,0.89,0.18,0.32,0.09,0.29,0.12,0.07,1.68,93.82,91.96,0.07,0.8,0.99,6.18
E07000126,South Ribble,109057,0.06,1.48,0.24,0.02,0.25,0.07,0.14,0.04,0.26,0.73,1.08,0.16,0.36,0.09,0.47,0.14,0.08,0.22,97.06,95.26,0.02,0.62,1.16,2.94
E07000127,West Lancashire,110685,0.06,0.82,0.19,0.01,0.16,0.1,0.04,0.01,0.17,0.37,0.78,0.19,0.22,0.13,0.24,0.12,0.06,0.08,98.12,95.56,0.01,0.53,2.02,1.88
E07000128,Wyre,107749,0.04,0.92,0.27,0.07,0.12,0.07,0.03,0.02,0.29,0.22,0.62,0.12,0.21,0.07,0.22,0.1,0.06,0.06,98.24,96.75,0.09,0.45,0.94,1.76
E07000129,Blaby,93915,0.1,6.09,0.62,0.02,0.96,0.4,0.42,0.14,0.46,4.68,1.6,0.28,0.52,0.11,0.69,0.36,0.26,0.3,90.99,88.55,0.11,0.58,1.75,9.01
E07000130,Charnwood,166100,0.27,9.72,0.92,1.22,0.8,0.53,0.2,0.07,1.17,6.16,1.55,0.28,0.63,0.15,0.49,0.57,0.3,0.26,87.37,84.27,0.04,0.6,2.45,12.63
E07000131,Harborough,85382,0.04,3,0.37,0.05,0.38,0.21,0.13,0.04,0.26,2.17,1.14,0.22,0.45,0.11,0.36,0.24,0.2,0.15,95.24,92.81,0.07,0.57,1.79,4.76
E07000132,Hinckley and Bosworth,105078,0.07,2.14,0.33,0.08,0.25,0.13,0.1,0.02,0.26,1.32,0.98,0.18,0.37,0.08,0.35,0.17,0.1,0.15,96.47,94.63,0.08,0.43,1.32,3.53
E07000133,Melton,50376,0.01,1.03,0.27,0,0.19,0.08,0.08,0.04,0.2,0.55,0.82,0.15,0.28,0.09,0.3,0.06,0.05,0.01,97.9,95.01,0.01,0.52,2.36,2.1
E07000134,North West Leicestershire,93468,0.03,1.15,0.34,0.02,0.22,0.1,0.08,0.04,0.21,0.56,0.94,0.15,0.34,0.06,0.38,0.13,0.1,0.02,97.56,95.34,0.08,0.43,1.7,2.44
E07000135,Oadby and Wigston,56170,0.34,22.29,1.86,0.23,1.19,0.54,0.54,0.11,0.58,17.69,2.09,0.38,0.88,0.15,0.68,1.41,1.07,1.92,73.01,70.56,0.02,0.69,1.75,26.99
E07000136,Boston,64637,0.1,1.44,0.32,0.11,0.43,0.27,0.09,0.07,0.2,0.58,1.03,0.33,0.26,0.18,0.26,0.27,0.17,0.23,96.84,83.89,0.1,0.32,12.53,3.16
E07000137,East Lindsey,136401,0.03,0.58,0.14,0.07,0.19,0.12,0.05,0.02,0.15,0.17,0.69,0.13,0.19,0.06,0.3,0.07,0.04,0.05,98.47,96.57,0.04,0.36,1.5,1.53
E07000138,Lincoln,93541,0.19,1.92,0.58,0.15,0.83,0.54,0.18,0.12,0.48,0.56,1.31,0.32,0.4,0.2,0.39,0.38,0.2,0.15,95.55,89.43,0.09,0.77,5.27,4.45
E07000139,North Kesteven,107766,0.04,0.7,0.21,0.06,0.23,0.1,0.09,0.04,0.2,0.2,0.73,0.19,0.24,0.08,0.22,0.13,0.09,0.03,98.21,95.9,0.07,0.48,1.77,1.79
E07000140,South Holland,88270,0.01,0.85,0.25,0.06,0.29,0.16,0.08,0.05,0.2,0.28,0.9,0.2,0.26,0.16,0.28,0.11,0.1,0.05,97.85,90.14,0.11,0.32,7.27,2.15
E07000141,South Kesteven,133788,0.04,1.18,0.36,0.05,0.38,0.25,0.09,0.05,0.33,0.38,0.85,0.22,0.23,0.1,0.31,0.12,0.09,0.07,97.46,93.63,0.06,0.49,3.29,2.54
E07000142,West Lindsey,89250,0.04,0.82,0.18,0,0.25,0.14,0.08,0.03,0.15,0.41,0.71,0.16,0.23,0.06,0.25,0.08,0.03,0.07,98.15,96.33,0.18,0.46,1.18,1.85
E07000143,Breckland,130491,0.01,0.8,0.28,0.08,0.46,0.16,0.17,0.12,0.15,0.23,1.2,0.37,0.3,0.24,0.29,0.14,0.13,0.06,97.41,91.22,0.16,0.45,5.58,2.59
E07000144,Broadland,124646,0.06,1.01,0.35,0.08,0.27,0.18,0.05,0.03,0.23,0.32,0.85,0.19,0.31,0.13,0.21,0.15,0.09,0.04,97.71,95.94,0.04,0.33,1.41,2.29
E07000145,Great Yarmouth,97277,0.08,1.24,0.45,0.02,0.45,0.29,0.09,0.07,0.19,0.46,1.19,0.26,0.34,0.28,0.3,0.27,0.19,0.12,96.85,92.81,0.06,0.4,3.58,3.15
E07000146,King's Lynn and West Norfolk,147451,0.05,1.26,0.42,0.03,0.38,0.22,0.08,0.08,0.26,0.45,0.93,0.27,0.25,0.16,0.25,0.17,0.12,0.09,97.26,92.2,0.17,0.41,4.47,2.74
E07000147,North Norfolk,101499,0.01,0.52,0.2,0.07,0.15,0.07,0.07,0.02,0.14,0.11,0.61,0.15,0.19,0.07,0.19,0.07,0.06,0,98.65,96.55,0.05,0.35,1.7,1.35
E07000148,Norwich,132512,0.49,4.41,1.27,0.41,1.62,1.3,0.21,0.11,1.27,1.27,2.29,0.62,0.66,0.5,0.52,0.84,0.35,0.19,90.84,84.7,0.1,0.66,5.39,9.16
E07000149,South Norfolk,124012,0.06,1.02,0.31,0.05,0.3,0.21,0.05,0.04,0.26,0.35,0.98,0.24,0.34,0.14,0.25,0.14,0.08,0.05,97.56,95.15,0.15,0.37,1.89,2.44
E07000150,Corby,61255,0.04,1.28,0.27,0.23,1.65,1.27,0.21,0.16,0.16,0.57,1.36,0.36,0.35,0.21,0.44,0.18,0.14,0.06,95.53,85,0.05,1.4,9.09,4.47
E07000151,Daventry,77843,0.01,1.52,0.33,0.07,0.62,0.27,0.27,0.07,0.19,0.71,1.25,0.24,0.39,0.13,0.49,0.11,0.1,0.22,96.51,93.07,0.07,0.65,2.71,3.49
E07000152,East Northamptonshire,86765,0.04,1.26,0.29,0.01,0.73,0.41,0.24,0.09,0.28,0.61,1.21,0.3,0.33,0.14,0.44,0.17,0.13,0.07,96.63,93.45,0.05,0.67,2.45,3.37
E07000153,Kettering,93475,0.16,3.23,0.67,0.11,1.06,0.73,0.22,0.11,0.35,1.94,1.4,0.31,0.43,0.22,0.45,0.44,0.28,0.16,93.86,89.28,0.16,0.69,3.74,6.14
E07000154,Northampton,212069,0.26,6.48,0.86,1.59,5.06,3.05,1.39,0.62,0.8,2.51,3.23,0.66,0.61,0.48,1.48,0.7,0.45,0.72,84.52,76.56,0.07,1.37,6.52,15.48
E07000155,South Northamptonshire,85189,0.03,1.33,0.3,0.06,0.44,0.18,0.17,0.1,0.17,0.69,1.18,0.26,0.42,0.15,0.34,0.13,0.09,0.1,96.93,94.05,0.01,0.69,2.17,3.07
E07000156,Wellingborough,75356,0.08,5.92,0.5,0.71,3.58,1.2,1.88,0.5,0.23,4.11,2.86,0.47,0.53,0.3,1.56,0.33,0.25,0.37,87.3,81.25,0.12,0.81,5.12,12.7
E07000163,Craven,55409,0.05,1.75,0.33,0.07,0.11,0.09,0.01,0.01,0.21,0.28,0.68,0.15,0.25,0.11,0.17,0.07,0.03,0.86,97.39,95.37,0.1,0.39,1.54,2.61
E07000164,Hambleton,89140,0.05,0.67,0.16,0.03,0.21,0.11,0.05,0.05,0.14,0.25,0.67,0.15,0.28,0.07,0.18,0.14,0.09,0.09,98.31,96.33,0.15,0.34,1.49,1.69
E07000165,Harrogate,157869,0.08,1.53,0.49,0.04,0.73,0.4,0.09,0.24,0.55,0.37,1.12,0.3,0.4,0.17,0.26,0.29,0.21,0.07,96.33,91.67,0.07,0.49,4.1,3.67
E07000166,Richmondshire,51965,0.03,2.4,2.01,0.04,0.95,0.47,0.15,0.33,0.15,0.14,0.97,0.32,0.21,0.14,0.3,0.32,0.29,0.05,95.36,93.36,0.04,0.38,1.58,4.64
E07000167,Ryedale,51751,0.02,0.53,0.27,0.01,0.15,0.13,0.02,0.01,0.16,0.07,0.58,0.14,0.2,0.09,0.15,0.06,0.04,0.01,98.67,96.23,0.16,0.51,1.78,1.33
E07000168,Scarborough,108793,0.11,1.25,0.38,0.1,0.22,0.16,0.05,0.01,0.26,0.35,0.8,0.19,0.3,0.1,0.21,0.2,0.09,0.16,97.53,95.25,0.03,0.28,1.97,2.47
E07000169,Selby,83449,0.01,0.59,0.15,0,0.25,0.2,0.04,0.01,0.2,0.21,0.75,0.14,0.32,0.06,0.23,0.05,0.04,0.02,98.36,95.49,0.19,0.39,2.29,1.64
E07000170,Ashfield,119497,0.02,0.92,0.26,0.05,0.39,0.16,0.17,0.06,0.19,0.33,0.89,0.16,0.19,0.07,0.47,0.11,0.09,0.08,97.69,96.02,0.04,0.29,1.34,2.31
E07000171,Bassetlaw,112863,0.05,1.11,0.24,0.07,0.46,0.2,0.21,0.05,0.16,0.39,0.88,0.2,0.2,0.08,0.4,0.18,0.13,0.25,97.37,94.51,0.08,0.34,2.44,2.63
E07000172,Broxtowe,109487,0.4,4.11,0.68,0.08,0.85,0.41,0.37,0.07,1.04,1.6,1.67,0.3,0.44,0.14,0.79,0.63,0.23,0.71,92.74,89.51,0.01,0.56,2.66,7.26
E07000173,Gedling,113543,0.06,2.94,0.47,0.06,1.46,0.33,0.98,0.15,0.36,1.2,2.31,0.32,0.46,0.21,1.32,0.24,0.18,0.85,93.05,90.32,0.03,0.78,1.92,6.95
E07000174,Mansfield,104466,0.04,1.23,0.23,0.18,0.38,0.15,0.18,0.05,0.2,0.5,1.06,0.2,0.21,0.1,0.55,0.14,0.1,0.13,97.18,93.24,0,0.43,3.51,2.82
E07000175,Newark and Sherwood,114817,0.03,0.9,0.2,0.06,0.43,0.14,0.24,0.05,0.19,0.32,1.01,0.2,0.27,0.12,0.43,0.14,0.11,0.13,97.51,94.24,0.22,0.56,2.49,2.49
E07000176,Rushcliffe,111129,0.14,4.15,0.52,0.04,0.56,0.18,0.31,0.07,0.5,2.12,1.75,0.3,0.65,0.14,0.66,0.39,0.25,0.96,93.14,90.31,0.02,0.73,2.08,6.86
E07000177,Cherwell,141868,0.1,4.26,0.8,0.13,1.38,0.73,0.42,0.23,0.46,1.18,1.8,0.44,0.51,0.26,0.59,0.39,0.28,1.68,92.17,86.34,0.07,0.78,4.98,7.83
E07000178,Oxford,151906,0.61,12.39,2.77,1.18,4.63,2.93,1.23,0.46,2.34,2.93,3.97,1.06,1.32,0.46,1.13,1.36,0.75,3.18,77.65,63.61,0.06,1.6,12.38,22.35
E07000179,South Oxfordshire,134257,0.07,1.79,0.58,0.13,0.57,0.33,0.18,0.06,0.33,0.61,1.34,0.33,0.51,0.13,0.38,0.22,0.15,0.14,96.08,90.93,0.1,0.81,4.23,3.92
E07000180,Vale of White Horse,120988,0.12,2.45,0.77,0.15,1.02,0.68,0.2,0.13,0.54,0.7,1.3,0.33,0.51,0.15,0.31,0.33,0.21,0.29,94.91,89.76,0.09,0.79,4.26,5.09
E07000181,West Oxfordshire,104779,0.05,1.36,0.49,0.15,0.42,0.26,0.1,0.06,0.3,0.34,1.21,0.32,0.45,0.13,0.31,0.18,0.13,0.09,96.84,92.57,0.17,0.68,3.42,3.16
E07000187,Mendip,109279,0.02,0.85,0.33,0.06,0.19,0.11,0.05,0.03,0.23,0.21,0.91,0.21,0.32,0.13,0.24,0.08,0.06,0.02,97.97,94.24,0.23,0.55,2.95,2.03
E07000188,Sedgemoor,114588,0.03,0.64,0.23,0.13,0.12,0.07,0.05,0.01,0.12,0.13,0.76,0.18,0.24,0.09,0.25,0.1,0.08,0.03,98.37,95.3,0.12,0.4,2.56,1.63
E07000189,South Somerset,161243,0.03,0.87,0.32,0.06,0.22,0.13,0.07,0.02,0.23,0.21,0.72,0.17,0.24,0.12,0.19,0.12,0.09,0.05,98.07,94.96,0.09,0.34,2.67,1.93
E07000190,Taunton Deane,110187,0.06,1.46,0.61,0.1,0.26,0.17,0.06,0.03,0.41,0.29,0.92,0.22,0.29,0.17,0.24,0.15,0.09,0.05,97.21,93.5,0.18,0.45,3.09,2.79
E07000191,West Somerset,34675,0.03,0.55,0.31,0.07,0.06,0.03,0.02,0.01,0.07,0.09,0.6,0.09,0.2,0.08,0.22,0.08,0.05,0.01,98.71,95.83,0.04,0.44,2.4,1.29
E07000192,Cannock Chase,97462,0.01,1.01,0.2,0.05,0.29,0.1,0.15,0.04,0.23,0.42,0.89,0.15,0.22,0.05,0.47,0.08,0.07,0.11,97.74,96.49,0.01,0.36,0.88,2.26
E07000193,East Staffordshire,113583,0.08,6.92,0.76,0.14,0.9,0.29,0.44,0.17,0.29,0.81,1.43,0.24,0.4,0.08,0.7,0.33,0.25,4.93,90.42,86.15,0.06,0.48,3.73,9.58
E07000194,Lichfield,100654,0.01,1.61,0.26,0.11,0.48,0.11,0.3,0.07,0.22,0.87,1.03,0.17,0.28,0.1,0.48,0.12,0.11,0.16,96.77,94.64,0.01,0.59,1.52,3.23
E07000195,Newcastle-under-Lyme,123871,0.11,2.84,0.77,0.12,0.67,0.42,0.19,0.06,0.79,0.76,1.2,0.24,0.38,0.13,0.46,0.31,0.2,0.39,94.99,93.25,0.04,0.29,1.4,5.01
E07000196,South Staffordshire,108131,0.04,1.96,0.27,0.02,0.53,0.13,0.34,0.06,0.19,1.33,1.38,0.17,0.44,0.04,0.74,0.22,0.18,0.16,95.9,94.64,0.12,0.43,0.71,4.1
E07000197,Stafford,130869,0.17,2.51,0.71,0.1,0.85,0.3,0.44,0.1,0.38,1.04,1.29,0.24,0.34,0.1,0.63,0.36,0.19,0.28,94.99,92.58,0.09,0.59,1.73,5.01
E07000198,Staffordshire Moorlands,97106,0.02,0.52,0.17,0,0.12,0.05,0.06,0.01,0.11,0.14,0.62,0.14,0.18,0.05,0.25,0.06,0.04,0.09,98.68,97.48,0.04,0.26,0.9,1.32
E07000199,Tamworth,76813,0.04,0.99,0.18,0.05,0.51,0.12,0.33,0.07,0.2,0.5,1.05,0.17,0.26,0.08,0.54,0.12,0.08,0.06,97.33,95.02,0.01,0.66,1.65,2.67
E07000200,Babergh,87740,0.01,0.76,0.29,0.07,0.3,0.15,0.1,0.05,0.18,0.21,0.94,0.24,0.25,0.1,0.35,0.16,0.15,0.01,97.84,95.36,0.06,0.55,1.87,2.16
E07000201,Forest Heath,59748,0.02,2.11,1.05,0.16,2.17,0.62,0.29,1.26,0.18,0.5,2.92,1.34,0.67,0.46,0.45,0.9,0.88,0.23,91.9,77.23,0.18,0.98,13.51,8.1
E07000202,Ipswich,133384,0.11,4.3,1.01,1.26,2.32,0.77,1.17,0.39,0.5,1.35,3.61,0.71,0.48,0.49,1.93,0.85,0.74,0.18,88.91,82.94,0.11,0.46,5.41,11.09
E07000203,Mid Suffolk,96731,0.01,0.67,0.27,0.04,0.38,0.17,0.13,0.08,0.16,0.18,0.99,0.23,0.31,0.12,0.32,0.1,0.09,0.02,97.87,95.88,0.08,0.36,1.55,2.13
E07000204,St Edmundsbury,111008,0.07,1.64,0.61,0.11,0.81,0.41,0.23,0.17,0.27,0.54,1.26,0.32,0.38,0.2,0.37,0.24,0.17,0.11,96.04,91.2,0.07,0.66,4.12,3.96
E07000205,Suffolk Coastal,124298,0.05,1.63,0.43,0.12,0.45,0.22,0.17,0.06,0.37,0.62,1.22,0.28,0.38,0.18,0.38,0.18,0.13,0.09,96.52,93.85,0.04,0.47,2.16,3.48
E07000206,Waveney,115254,0.01,0.83,0.28,0.08,0.32,0.18,0.09,0.05,0.27,0.16,1.05,0.25,0.3,0.17,0.34,0.11,0.1,0.05,97.69,95.78,0.08,0.35,1.48,2.31
E07000207,Elmbridge,130875,0.46,5.41,1.82,0.39,0.77,0.47,0.21,0.09,0.87,1.9,2.61,0.76,1.18,0.27,0.4,0.96,0.5,0.42,90.26,79.85,0.12,1.58,8.7,9.74
E07000208,Epsom and Ewell,75102,0.72,8.63,3.65,0.43,1.5,0.9,0.4,0.19,1.23,2.43,2.56,0.71,1.01,0.3,0.54,1.42,0.7,0.89,85.89,78.63,0.18,1.52,5.56,14.11
E07000209,Guildford,137183,0.67,4.82,1.65,0.23,1.21,0.85,0.24,0.12,1.37,1.21,1.82,0.51,0.79,0.21,0.31,1.24,0.57,0.36,90.91,83.47,0.36,0.87,6.21,9.09
E07000210,Mole Valley,85375,0.17,2.55,0.88,0.24,0.47,0.24,0.15,0.07,0.42,0.83,1.47,0.41,0.61,0.14,0.32,0.44,0.26,0.18,95.07,90.08,0.15,0.93,3.91,4.93
E07000211,Reigate and Banstead,137835,0.19,5.07,1.57,0.39,1.57,0.95,0.44,0.18,0.66,1.59,2.2,0.57,0.81,0.3,0.53,0.55,0.36,0.86,90.6,84.95,0.13,1.13,4.39,9.4
E07000212,Runnymede,80510,0.45,6.91,2.18,0.29,1.07,0.73,0.24,0.1,1.46,2.51,2.08,0.58,0.79,0.27,0.43,0.97,0.52,0.47,88.97,79.99,0.27,1.33,7.38,11.03
E07000213,Spelthorne,95598,0.34,7.63,1.83,0.27,1.62,1.02,0.44,0.16,0.65,4.2,2.49,0.61,0.95,0.33,0.6,0.96,0.63,0.69,87.3,80.98,0.2,1.43,4.69,12.7
E07000214,Surrey Heath,86144,0.21,6.26,2.53,0.35,1,0.61,0.29,0.09,0.62,1.99,1.89,0.45,0.81,0.2,0.43,0.67,0.46,0.77,90.19,84.95,0.19,0.96,4.09,9.81
E07000215,Tandridge,82998,0.06,2.61,0.91,0.12,1.06,0.48,0.45,0.13,0.5,0.9,2.16,0.5,0.82,0.22,0.62,0.34,0.28,0.17,93.83,89.27,0.34,1.04,3.17,6.17
E07000216,Waverley,121572,0.13,1.88,0.59,0.14,0.44,0.29,0.12,0.03,0.51,0.44,1.34,0.31,0.61,0.14,0.27,0.34,0.2,0.2,96.01,90.64,0.14,0.85,4.38,3.99
E07000217,Woking,99198,0.55,11.55,2.15,0.45,1.39,1.02,0.27,0.1,0.88,2.35,2.35,0.66,0.98,0.3,0.41,1.1,0.55,5.73,83.6,74.94,0.15,1.1,7.41,16.4
E07000218,North Warwickshire,62014,0.01,0.94,0.17,0.02,0.28,0.05,0.2,0.03,0.11,0.58,0.82,0.13,0.19,0.06,0.43,0.08,0.06,0.06,97.9,95.94,0.07,0.74,1.14,2.1
E07000219,Nuneaton and Bedworth,125252,0.06,6.29,1.03,0.04,0.84,0.44,0.28,0.11,0.24,4.55,1.11,0.17,0.33,0.09,0.53,0.43,0.37,0.42,91.33,88.92,0.06,0.56,1.79,8.67
E07000220,Rugby,100075,0.1,5.22,0.98,0.14,1.99,1,0.75,0.23,0.43,3.06,1.98,0.33,0.56,0.21,0.88,0.31,0.21,0.61,90.5,84.15,0.16,1.02,5.17,9.5
E07000221,Stratford-on-Avon,120485,0.04,1.22,0.35,0.01,0.22,0.09,0.1,0.03,0.32,0.47,1.04,0.24,0.37,0.09,0.35,0.16,0.12,0.06,97.36,93.61,0.14,0.74,2.88,2.64
E07000222,Warwick,137648,0.17,7.22,1.09,0.05,0.71,0.34,0.28,0.08,0.84,4.9,2.04,0.46,0.78,0.17,0.63,0.88,0.71,0.35,89.15,83.36,0.03,1.56,4.21,10.85
E07000223,Adur,61182,0.28,1.73,0.42,0.44,0.51,0.39,0.1,0.02,0.4,0.38,1.45,0.3,0.5,0.32,0.34,0.43,0.15,0.09,95.88,92.91,0.2,0.7,2.08,4.12
E07000224,Arun,149518,0.05,1.42,0.49,0.25,0.36,0.21,0.11,0.04,0.28,0.33,1,0.22,0.36,0.15,0.28,0.16,0.12,0.07,97.06,91.64,0.11,0.59,4.71,2.94
E07000225,Chichester,113794,0.09,1.42,0.56,0.12,0.46,0.28,0.11,0.06,0.3,0.41,0.96,0.27,0.32,0.14,0.24,0.22,0.13,0.03,96.95,93.01,0.21,0.65,3.08,3.05
E07000226,Crawley,106597,0.4,12.97,2.65,0.4,3.25,2.03,0.44,0.79,0.47,5.19,2.91,0.74,0.83,0.58,0.76,0.96,0.56,4.27,79.91,72.13,0.07,0.91,6.8,20.09
E07000227,Horsham,131301,0.06,1.97,0.77,0.16,0.5,0.34,0.12,0.04,0.36,0.56,1.35,0.32,0.55,0.2,0.28,0.17,0.12,0.13,96.01,92.17,0.18,0.69,2.97,3.99
E07000228,Mid Sussex,139860,0.06,2.69,0.91,0.29,0.56,0.35,0.14,0.07,0.38,1.01,1.41,0.36,0.58,0.2,0.27,0.23,0.17,0.11,95.11,90.33,0.1,0.88,3.79,4.89
E07000229,Worthing,104640,0.14,3.22,1.34,0.52,0.83,0.58,0.16,0.09,0.45,0.75,1.75,0.39,0.63,0.32,0.42,0.41,0.26,0.16,93.78,89.44,0.09,0.78,3.47,6.22
E07000234,Bromsgrove,93637,0.06,2.06,0.3,0.04,0.47,0.12,0.29,0.07,0.33,1.15,1.49,0.25,0.48,0.09,0.67,0.19,0.13,0.24,95.79,93.6,0.08,0.97,1.15,4.21
E07000235,Malvern Hills,74631,0.01,1.21,0.3,0.04,0.2,0.13,0.05,0.02,0.45,0.36,0.86,0.18,0.31,0.1,0.26,0.13,0.12,0.06,97.6,95.16,0.18,0.49,1.78,2.4
E07000236,Redditch,84214,0.06,4.78,0.39,0.23,1.02,0.19,0.66,0.17,0.25,0.85,1.97,0.25,0.38,0.09,1.25,0.2,0.14,3.06,92.02,87.39,0.01,0.75,3.88,7.98
E07000237,Worcester,98768,0.06,4.42,0.81,0.45,0.48,0.23,0.19,0.06,0.4,0.82,1.41,0.29,0.44,0.2,0.48,0.24,0.18,1.95,93.45,89.11,0.11,0.59,3.63,6.55
E07000238,Wychavon,116944,0.04,0.97,0.26,0.08,0.19,0.08,0.1,0.02,0.16,0.4,0.82,0.17,0.29,0.07,0.29,0.14,0.11,0.07,97.87,93.92,0.4,0.46,3.1,2.13
E07000239,Wyre Forest,97975,0.01,1.42,0.28,0.52,0.22,0.09,0.11,0.02,0.17,0.31,1.02,0.19,0.28,0.08,0.47,0.1,0.09,0.14,97.24,94.74,0.38,0.47,1.65,2.76
E07000240,St Albans,140664,0.33,6.41,1.33,1.87,1.7,0.86,0.65,0.19,0.82,1.57,2.78,0.71,1.06,0.28,0.72,0.7,0.37,0.82,88.42,81.15,0.12,1.79,5.37,11.58
E07000241,Welwyn Hatfield,110535,0.51,7.87,1.87,0.42,4.51,3.56,0.65,0.31,1.73,3.19,2.53,0.63,0.74,0.38,0.78,1,0.49,0.66,84.08,76.5,0.14,1.55,5.89,15.92
E07000242,East Hertfordshire,137687,0.1,1.95,0.49,0.2,0.71,0.43,0.22,0.07,0.37,0.73,1.61,0.38,0.62,0.15,0.45,0.26,0.16,0.15,95.47,90.25,0.04,1.14,4.04,4.53
E07000243,Stevenage,83957,0.16,5.77,1.86,0.64,3.38,2.28,0.81,0.29,0.76,1.94,2.7,0.52,0.68,0.35,1.15,0.49,0.33,0.58,87.66,83.12,0.08,1.19,3.27,12.34
E08000001,Bolton,276786,0.26,14,1.09,0.22,1.68,1.25,0.22,0.21,0.51,7.83,1.77,0.29,0.66,0.24,0.57,0.67,0.41,4.34,81.88,79.41,0.08,0.61,1.79,18.12
E08000002,Bury,185060,0.25,7.24,0.87,0.17,1.02,0.6,0.32,0.1,0.59,0.75,1.82,0.33,0.54,0.24,0.71,0.74,0.49,4.86,89.18,85.32,0.04,1.27,2.54,10.82
E08000003,Manchester,503127,1.89,17.09,2.32,1.28,8.64,5.11,1.92,1.61,2.69,2.27,4.6,1.01,0.95,0.87,1.76,3.06,1.17,8.53,66.61,59.28,0.1,2.35,4.87,33.39
E08000004,Oldham,224897,0.07,19.19,0.84,7.25,1.24,0.73,0.37,0.14,0.32,0.69,1.8,0.24,0.5,0.2,0.87,0.25,0.18,10.09,77.51,75.57,0.03,0.66,1.26,22.49
E08000005,Rochdale,211699,0.15,14.94,1.4,2.05,1.31,1.01,0.13,0.17,0.45,0.52,1.69,0.27,0.64,0.28,0.5,0.4,0.26,10.52,81.66,78.64,0.09,1.01,1.93,18.34
E08000006,Salford,233933,0.61,4.03,0.8,0.26,2.8,2.29,0.28,0.22,1.09,1.09,1.97,0.42,0.4,0.45,0.7,1.06,0.45,0.79,90.14,84.4,0.08,1.23,4.42,9.86
E08000007,Stockport,283275,0.26,4.86,0.66,0.25,0.69,0.34,0.26,0.08,0.61,0.98,1.8,0.4,0.52,0.27,0.61,0.58,0.32,2.36,92.07,88.98,0.02,1.39,1.69,7.93
E08000008,Tameside,219324,0.07,6.64,0.33,1.96,0.81,0.54,0.17,0.1,0.43,1.67,1.44,0.23,0.39,0.23,0.6,0.18,0.11,2.24,90.93,88.51,0.02,0.74,1.67,9.07
E08000009,Trafford,226578,0.56,7.93,0.86,0.2,2.89,0.8,1.68,0.41,0.99,2.78,2.66,0.52,0.68,0.3,1.17,0.97,0.42,3.1,85.55,80.41,0.02,2.25,2.87,14.45
E08000010,Wigan,317849,0.1,1.11,0.26,0.03,0.53,0.41,0.07,0.05,0.28,0.32,0.87,0.17,0.25,0.13,0.32,0.22,0.13,0.21,97.28,95.49,0.05,0.46,1.28,2.72
E08000011,Knowsley,145893,0.07,0.96,0.27,0.01,0.35,0.2,0.09,0.06,0.31,0.32,1.31,0.23,0.26,0.35,0.47,0.15,0.08,0.06,97.23,96.05,0,0.51,0.66,2.77
E08000012,Liverpool,466415,1.21,4.16,0.74,0.23,2.64,1.82,0.31,0.5,1.71,1.05,2.52,0.61,0.49,0.68,0.74,1.77,0.57,0.43,88.91,84.79,0.04,1.44,2.63,11.09
E08000013,St. Helens,175308,0.07,1.01,0.28,0.07,0.14,0.09,0.03,0.02,0.29,0.29,0.67,0.17,0.15,0.1,0.25,0.14,0.07,0.08,98.04,96.6,0.04,0.51,0.9,1.96
E08000014,Sefton,273790,0.12,0.99,0.24,0.11,0.29,0.17,0.08,0.04,0.35,0.24,1.03,0.27,0.28,0.18,0.3,0.26,0.14,0.05,97.43,94.83,0.04,0.84,1.71,2.57
E08000015,Wirral,319783,0.07,1.6,0.33,0.27,0.22,0.12,0.06,0.04,0.52,0.42,1.03,0.25,0.3,0.17,0.3,0.17,0.1,0.07,96.99,94.97,0.02,0.83,1.17,3.01
E08000016,Barnsley,231221,0.07,0.72,0.22,0.03,0.53,0.43,0.06,0.03,0.19,0.19,0.7,0.16,0.19,0.08,0.28,0.18,0.11,0.09,97.87,96.08,0.07,0.25,1.47,2.13
E08000017,Doncaster,302402,0.08,2.52,0.59,0.04,0.77,0.43,0.26,0.08,0.37,0.62,1.1,0.2,0.29,0.15,0.47,0.35,0.28,0.9,95.26,91.84,0.19,0.39,2.83,4.74
E08000018,Rotherham,257280,0.23,4.1,0.5,0.04,0.82,0.65,0.11,0.06,0.23,0.37,0.99,0.23,0.34,0.12,0.31,0.51,0.28,2.96,93.58,91.9,0.05,0.3,1.33,6.42
E08000019,Sheffield,552698,1.53,8.03,1.05,0.6,3.63,2.09,1,0.55,1.34,1.06,2.4,0.55,0.63,0.23,0.99,2.24,0.72,3.98,83.69,80.85,0.06,0.52,2.25,16.31
E08000021,Newcastle upon Tyne,280177,0.93,9.67,1.76,1.67,1.84,1.66,0.08,0.1,2.15,1.81,1.53,0.35,0.57,0.31,0.3,1.46,0.53,2.27,85.49,81.92,0.06,0.65,2.86,14.51
E08000022,North Tyneside,200801,0.09,1.9,0.42,0.34,0.37,0.29,0.05,0.03,0.43,0.55,0.9,0.19,0.3,0.19,0.22,0.21,0.12,0.16,96.63,95.09,0.01,0.3,1.23,3.37
E08000023,South Tyneside,148127,0.38,2.24,0.31,1.04,0.28,0.21,0.04,0.03,0.16,0.43,0.89,0.22,0.3,0.15,0.22,0.66,0.27,0.29,95.93,95.07,0.01,0.21,0.65,4.07
E08000024,Sunderland,275506,0.11,2.66,0.48,0.75,0.46,0.39,0.04,0.04,0.56,0.63,0.65,0.14,0.22,0.09,0.2,0.3,0.2,0.24,95.93,94.81,0.03,0.22,0.87,4.07
E08000025,Birmingham,1073045,1.02,26.62,2.9,3.03,8.98,2.79,4.44,1.75,1.18,6.02,4.44,0.79,1.04,0.3,2.3,2.03,1.02,13.48,57.93,53.14,0.04,2.05,2.7,42.07
E08000026,Coventry,316960,0.64,16.28,2.42,0.93,5.6,4.05,1.05,0.51,1.18,8.76,2.6,0.39,0.75,0.3,1.16,1.68,1.05,3,73.84,66.63,0.05,2.3,4.85,26.16
E08000027,Dudley,312925,0.4,6.05,0.51,0.13,1.49,0.45,0.85,0.2,0.28,1.83,1.84,0.24,0.41,0.08,1.11,0.62,0.22,3.3,89.99,88.54,0.11,0.37,0.97,10.01
E08000028,Sandwell,308063,0.29,19.24,2.1,2.14,5.96,1.43,3.69,0.84,0.27,10.19,3.31,0.48,0.66,0.17,2,1.55,1.26,4.53,69.94,65.84,0.05,0.66,3.4,30.06
E08000029,Solihull,206674,0.17,6.56,0.73,0.31,1.57,0.41,0.93,0.22,0.44,3.43,2.13,0.29,0.56,0.12,1.16,0.59,0.42,1.65,89.15,85.76,0.03,1.9,1.45,10.85
E08000030,Walsall,269323,0.08,15.23,1.5,1.93,2.36,0.74,1.19,0.44,0.37,6.13,2.68,0.31,0.65,0.12,1.6,0.83,0.75,5.31,78.89,76.95,0.11,0.44,1.4,21.11
E08000031,Wolverhampton,249470,0.14,18.02,2.64,0.17,6.94,1.64,3.81,1.49,0.55,12.89,5.12,0.63,0.87,0.22,3.41,1.9,1.75,1.77,68.02,64.51,0.08,0.61,2.81,31.98
E08000032,Bradford,522452,0.71,26.83,1.54,1.89,1.77,0.96,0.69,0.13,0.4,2.59,2.48,0.34,1.09,0.17,0.89,1.48,0.77,20.41,67.44,63.86,0.08,0.49,3.01,32.56
E08000033,Calderdale,203826,0.05,8.28,0.4,0.28,0.44,0.24,0.16,0.05,0.23,0.55,1.37,0.27,0.44,0.12,0.54,0.23,0.18,6.82,89.68,86.71,0.04,0.88,2.05,10.32
E08000034,Kirklees,422458,0.29,16.04,0.71,0.17,1.87,0.56,1.1,0.22,0.34,4.92,2.32,0.3,0.64,0.15,1.22,0.64,0.35,9.89,79.13,76.67,0.04,0.62,1.8,20.87
E08000035,Leeds,751485,0.5,7.75,1.23,0.59,3.45,1.98,0.9,0.57,0.79,2.15,2.61,0.46,0.65,0.33,1.17,1.1,0.59,2.99,85.1,81.13,0.09,0.94,2.93,14.9
E08000036,Wakefield,325837,0.12,2.61,0.36,0.01,0.77,0.6,0.1,0.07,0.26,0.47,0.9,0.18,0.27,0.11,0.33,0.29,0.17,1.5,95.43,92.79,0.09,0.28,2.28,4.57
E08000037,Gateshead,200214,0.14,1.87,0.45,0.12,0.54,0.45,0.04,0.04,0.53,0.46,0.78,0.18,0.26,0.13,0.21,0.55,0.4,0.31,96.27,94.08,0.04,0.3,1.85,3.73
E09000001,City of London,7375,0.94,12.75,2.89,3.15,2.62,1.33,0.62,0.66,3.57,2.93,3.92,1.4,1.51,0.5,0.52,2.09,1.15,0.22,78.63,57.53,0.04,2.44,18.62,21.37
E09000002,Barking and Dagenham,185911,0.52,15.92,2.76,4.14,19.98,15.43,2.81,1.74,0.71,4,4.24,0.99,0.67,1.14,1.44,1.57,1.04,4.31,58.3,49.46,0.1,0.93,7.81,41.7
E09000003,Barnet,356386,1.46,18.5,6.22,0.62,7.7,5.44,1.25,1,2.32,7.83,4.82,1.42,1.65,0.87,0.87,4.86,3.4,1.5,64.13,45.49,0.04,2.44,16.16,35.87
E09000004,Bexley,231997,0.13,6.57,1.8,0.33,8.46,6.88,1.03,0.56,1.08,3.04,2.33,0.59,0.59,0.42,0.72,0.76,0.63,0.31,81.88,77.26,0.27,1.12,3.23,18.12
E09000005,Brent,311215,3.67,34.06,9.19,0.56,18.84,7.84,7.62,3.38,1.04,18.64,5.07,1.61,1.17,0.91,1.38,5.77,2.09,4.62,36.27,17.96,0.1,3.96,14.25,63.73
E09000006,Bromley,309392,0.28,5.19,1.55,0.41,6.04,3.17,2.14,0.73,0.89,2.01,3.52,0.86,0.97,0.43,1.26,0.93,0.65,0.33,84.32,77.4,0.19,1.44,5.28,15.68
E09000007,Camden,220338,1.56,16.09,4.03,5.67,8.2,4.9,1.59,1.71,2.95,2.76,5.59,1.88,1.76,0.82,1.13,3.84,2.28,0.68,66.29,43.99,0.08,3.2,19.02,33.71
E09000008,Croydon,363378,0.47,16.41,4.85,0.71,20.16,7.98,8.62,3.57,1.08,6.79,6.58,1.6,1.41,0.9,2.66,1.76,1.29,2.99,55.09,47.26,0.06,1.48,6.29,44.91
E09000009,Ealing,338449,2.9,29.68,9.33,0.53,10.89,5.11,3.9,1.88,1.22,14.25,4.45,1.33,1.37,0.59,1.16,5.99,3.09,4.35,48.99,30.44,0.09,3.08,15.38,51.01
E09000010,Enfield,312466,0.62,11.17,3.99,1.79,17.18,9.03,5.55,2.6,0.83,3.73,5.5,1.84,1.34,0.76,1.55,5.14,4.52,0.83,61.01,40.47,0.11,2.21,18.23,38.99
E09000011,Greenwich,254557,0.42,11.74,5.01,0.65,19.11,13.81,3.16,2.14,1.99,3.08,4.82,1.26,0.93,1.06,1.58,1.86,1.44,1.02,62.46,52.3,0.17,1.69,8.31,37.54
E09000012,Hackney,246270,0.7,10.5,2.74,2.51,23.09,11.36,7.78,3.94,1.4,3.09,6.44,2.03,1.23,1.16,2.03,5.3,4.6,0.77,54.66,36.15,0.19,2.12,16.2,45.34
E09000013,Hammersmith and Fulham,182493,2.86,9.12,4.04,0.58,11.78,5.78,3.9,2.11,1.72,1.89,5.5,1.72,1.45,0.82,1.52,5.53,2.66,0.88,68.07,44.93,0.12,3.46,19.56,31.93
E09000014,Haringey,254926,0.87,9.47,3.19,1.73,18.76,9.04,7.1,2.63,1.47,2.33,6.49,2.1,1.47,1.02,1.9,4.73,3.85,0.75,60.54,34.69,0.15,2.74,22.97,39.46
E09000015,Harrow,239056,1.55,42.59,11.27,0.58,8.24,3.57,2.85,1.83,1.1,26.37,3.97,1.12,1.43,0.44,0.98,2.95,1.4,3.26,42.25,30.88,0.08,3.07,8.22,57.75
E09000016,Havering,237232,0.13,4.87,1.1,0.41,4.84,3.2,1.22,0.43,0.62,2.11,2.08,0.46,0.49,0.3,0.83,0.56,0.43,0.63,87.66,83.3,0.07,1.26,3.03,12.34
E09000017,Hillingdon,273936,1.07,25.28,6.47,0.96,7.33,4.12,1.68,1.53,1.05,13.43,3.83,1,1.31,0.51,0.99,2.95,1.89,3.36,60.61,52.17,0.13,2.17,6.14,39.39
E09000018,Hounslow,253957,1.43,34.36,8.2,0.86,6.62,4.25,1.33,1.04,0.95,18.96,4.08,1.16,1.33,0.68,0.9,3.56,2.12,5.39,51.39,37.91,0.07,1.88,11.53,48.61
E09000019,Islington,206125,0.92,9.23,2.63,2.26,12.76,6.12,3.85,2.78,2.16,1.71,6.47,2.05,1.44,0.93,2.06,3.37,2.45,0.46,68.17,47.7,0.08,3.95,16.44,31.83
E09000020,Kensington and Chelsea,158649,4.07,10,4.77,0.53,6.51,3.49,2.05,0.97,2.5,1.62,5.66,1.97,1.9,0.72,1.07,7.22,3.15,0.57,70.61,39.25,0.08,2.34,28.94,29.39
E09000021,Kingston upon Thames,160060,1.52,16.34,8.15,0.56,2.51,1.63,0.64,0.24,1.8,3.95,3.92,1.14,1.56,0.44,0.77,2.75,1.22,1.88,74.48,63.11,0.06,1.7,9.62,25.52
E09000022,Lambeth,303086,0.57,6.91,2.01,0.73,25.91,11.61,9.53,4.77,1.51,1.64,7.64,2.3,1.18,1.42,2.74,2.45,1.88,1.01,57.09,39.02,0.06,2.46,15.55,42.91
E09000023,Lewisham,275885,0.53,9.26,4.27,0.5,27.16,11.61,11.18,4.37,2.23,1.67,7.42,1.93,1.1,1.29,3.1,2.63,2.1,0.58,53.53,41.48,0.08,1.89,10.09,46.47
E09000024,Merton,199693,0.71,18.1,7.95,1.11,10.42,5.23,4.07,1.12,1.31,4.06,4.67,1.33,1.42,0.64,1.29,1.9,1.19,3.67,64.9,48.4,0.11,2.21,14.18,35.1
E09000025,Newham,307984,1.14,43.47,6.47,12.1,19.56,12.28,4.89,2.4,1.28,13.79,4.53,1.3,0.87,1.08,1.28,3.47,2.32,9.84,28.97,16.73,0.15,0.71,11.39,71.03
E09000026,Redbridge,278970,0.56,41.76,7.45,5.74,8.91,4.43,3.25,1.23,1.08,16.37,4.11,1.19,1.17,0.61,1.15,2.7,2.14,11.13,42.53,34.5,0.05,1.4,6.58,57.47
E09000027,Richmond upon Thames,186990,0.63,7.28,2.47,0.46,1.51,0.88,0.45,0.18,0.94,2.78,3.63,1.04,1.53,0.39,0.67,1.64,1.01,0.62,85.95,71.44,0.05,2.55,11.92,14.05
E09000028,Southwark,288283,0.85,9.43,2.69,1.36,26.89,16.45,6.23,4.21,2.8,2.02,6.17,1.88,1.04,1.28,1.97,3.28,2.43,0.56,54.23,39.73,0.09,2.16,12.26,45.77
E09000029,Sutton,190146,0.51,11.59,5.03,0.62,4.8,2.88,1.44,0.48,1.18,3.39,3.75,0.9,1.2,0.44,1.21,1.27,0.75,1.36,78.6,70.92,0.1,1.69,5.88,21.4
E09000030,Tower Hamlets,254096,1.01,41.13,2.28,32.03,7.33,3.74,2.1,1.49,3.19,2.67,4.08,1.2,1.17,0.59,1.12,2.28,1.26,0.96,45.19,31.18,0.07,1.52,12.42,54.81
E09000031,Waltham Forest,258249,1.46,21.06,4.53,1.79,17.34,7.29,7.3,2.76,1,3.54,5.33,1.62,1.01,0.93,1.77,4.07,2.61,10.2,52.2,36.01,0.14,1.53,14.51,47.8
E09000032,Wandsworth,306995,0.77,10.86,3.18,0.49,10.67,4.83,4.01,1.84,1.21,2.82,4.96,1.52,1.27,0.66,1.51,2.1,1.33,3.17,71.41,53.34,0.05,2.5,15.52,28.59
E09000033,Westminster,219396,7.17,14.52,4.61,2.87,7.51,4.17,2.03,1.31,2.7,3.29,5.19,1.83,1.63,0.88,0.85,11.09,3.93,1.06,61.68,35.25,0.03,2.26,24.14,38.32
W06000001,Isle of Anglesey,69751,0.19,0.7,0.17,0.08,0.12,0.07,0.04,0.01,0.22,0.19,0.69,0.11,0.26,0.06,0.26,0.26,0.06,0.05,98.24,96.56,0.09,0.68,0.9,1.76
W06000002,Gwynedd,121874,0.57,1.78,0.33,0.14,0.24,0.16,0.06,0.02,0.74,0.38,0.79,0.18,0.27,0.1,0.24,0.72,0.15,0.18,96.47,94.42,0.13,0.47,1.46,3.53
W06000003,Conwy,115228,0.17,1.09,0.28,0.12,0.17,0.1,0.05,0.03,0.33,0.28,0.78,0.17,0.24,0.11,0.26,0.29,0.12,0.09,97.68,95.39,0.06,0.73,1.5,2.32
W06000004,Denbighshire,93734,0.04,1.53,0.61,0.12,0.17,0.11,0.04,0.02,0.37,0.26,0.8,0.16,0.29,0.09,0.27,0.15,0.11,0.17,97.35,95.57,0.04,0.57,1.18,2.65
W06000005,Flintshire,152506,0.03,0.79,0.18,0.15,0.09,0.06,0.03,0.01,0.21,0.19,0.56,0.13,0.17,0.08,0.18,0.1,0.07,0.06,98.46,95.86,0.06,0.45,2.09,1.54
W06000006,Wrexham,134844,0.07,1.72,0.48,0.15,0.46,0.39,0.04,0.03,0.32,0.64,0.75,0.18,0.24,0.13,0.2,0.18,0.11,0.13,96.89,93.05,0.08,0.36,3.39,3.11
W06000008,Ceredigion,75922,0.26,1.45,0.31,0.12,0.35,0.22,0.11,0.02,0.42,0.48,0.97,0.28,0.33,0.1,0.26,0.5,0.24,0.11,96.73,93.14,0.1,0.63,2.86,3.27
W06000009,Pembrokeshire,122439,0.05,0.97,0.39,0.08,0.15,0.08,0.04,0.03,0.17,0.28,0.6,0.13,0.21,0.06,0.19,0.17,0.12,0.06,98.11,95.63,0.37,0.68,1.42,1.89
W06000010,Carmarthenshire,183777,0.07,1,0.38,0.06,0.15,0.06,0.06,0.03,0.16,0.31,0.56,0.12,0.2,0.06,0.18,0.17,0.09,0.09,98.12,95.55,0.18,0.41,1.98,1.88
W06000011,Swansea,239023,0.71,3.26,0.73,0.81,0.83,0.71,0.07,0.04,0.86,0.62,0.9,0.23,0.33,0.12,0.23,1,0.29,0.25,94.01,91.48,0.04,0.46,2.03,5.99
W06000012,Neath Port Talbot,139812,0.04,0.98,0.27,0.22,0.21,0.07,0.13,0.02,0.2,0.2,0.65,0.14,0.19,0.05,0.27,0.11,0.07,0.09,98.05,96.88,0.09,0.34,0.74,1.95
W06000013,Bridgend,139178,0.05,1.11,0.45,0.08,0.23,0.11,0.09,0.03,0.26,0.24,0.72,0.2,0.19,0.09,0.24,0.16,0.11,0.09,97.78,96.03,0.05,0.34,1.36,2.22
W06000014,Vale of Glamorgan,126336,0.14,1.56,0.48,0.1,0.39,0.13,0.2,0.06,0.36,0.45,1.34,0.31,0.34,0.2,0.5,0.27,0.14,0.17,96.44,94.36,0.02,0.51,1.56,3.56
W06000015,Cardiff,346090,1.36,8.06,1.34,1.4,2.37,1.51,0.38,0.48,1.2,2.28,2.9,0.63,0.71,0.5,1.05,1.98,0.62,1.84,84.69,80.27,0.15,0.74,3.54,15.31
W06000016,Rhondda Cynon Taff,234410,0.07,1.29,0.4,0.05,0.56,0.49,0.04,0.03,0.45,0.28,0.64,0.15,0.18,0.08,0.23,0.14,0.07,0.11,97.37,96.29,0.02,0.25,0.81,2.63
W06000018,Caerphilly,178806,0.04,0.75,0.21,0.02,0.14,0.07,0.06,0.01,0.28,0.18,0.66,0.15,0.17,0.08,0.25,0.11,0.07,0.07,98.34,97.26,0.02,0.22,0.85,1.66
W06000019,Blaenau Gwent,69814,0.02,0.69,0.14,0.04,0.14,0.08,0.05,0.01,0.17,0.29,0.56,0.13,0.15,0.05,0.23,0.13,0.11,0.06,98.48,97.34,0.1,0.15,0.89,1.52
W06000020,Torfaen,91075,0.02,1.07,0.5,0.09,0.19,0.05,0.1,0.04,0.23,0.19,0.66,0.14,0.15,0.11,0.26,0.1,0.09,0.07,97.98,96.85,0.17,0.34,0.61,2.02
W06000021,Monmouthshire,91323,0.08,0.99,0.4,0.04,0.16,0.09,0.05,0.02,0.21,0.27,0.68,0.18,0.25,0.06,0.19,0.14,0.07,0.06,98.03,96.1,0.01,0.43,1.49,1.97
W06000022,Newport,145736,0.64,5.48,0.89,1.2,1.74,1.03,0.54,0.17,0.41,0.84,1.89,0.28,0.46,0.25,0.9,0.99,0.35,2.15,89.91,86.98,0.06,0.53,2.34,10.09
W06000023,Powys,132976,0.02,0.86,0.56,0.05,0.1,0.03,0.05,0.02,0.13,0.11,0.57,0.13,0.22,0.06,0.16,0.09,0.07,0.01,98.38,96.09,0.1,0.38,1.82,1.62
W06000024,Merthyr Tydfil,58802,0.05,1.18,0.53,0.08,0.24,0.2,0.02,0.03,0.2,0.29,0.79,0.19,0.26,0.08,0.26,0.19,0.13,0.09,97.6,94.61,0.11,0.21,2.67,2.4